"id","topic.realistic","condition","agreement.realistic.edu","agreement.realistic.tech","agreement.realistic.life","mcheck1","mcheck2","anger1","contempt1","disgust1","anger4","anger2","contempt2","disgust2","contempt4","atention.check","anger3","contempt3","disgust3","disgust4","voodoo1","voodoo2","voodoo3","voodoo4","voodoo5","voodoo6","voodoo7","voodoo8","voodoo9","voodoo10","voodoo1 - Fill with 0's and 1's","voodoo2 - Fill with 0's and 1's","voodoo3 - Fill with 0's and 1's","voodoo4 - Fill with 0's and 1's","voodoo5 - Fill with 0's and 1's","voodoo6 - Fill with 0's and 1's","voodoo7 - Fill with 0's and 1's","voodoo8 - Fill with 0's and 1's","voodoo9 - Fill with 0's and 1's","voodoo10 - Fill with 0's and 1's","tangram.check","tangram.videocheck","tangram.easy1","tangram.easy2","tangram.easy3","tangram.easy4","tangram.easy5","tangram.easy6","tangram.easy7","tangram.easy8","tangram.easy9","tangram.easy10","tangram.medium1","tangram.medium2","tangram.medium3","tangram.medium4","tangram.medium5","tangram.medium6","tangram.medium7","tangram.medium8","tangram.medium9","tangram.medium10","tangram.hard1","tangram.hard2","tangram.hard3","tangam.hard4","tagram.hard5","tangram.hard6","tangram.hard7","tangram.hard8","tangram.hard9","tangram.hard10","tangram.easy1 - Fill with 0's and 1's","tangram.easy2 - Fill with 0's and 1's","tangram.easy3 - Fill with 0's and 1's","tangram.easy4 - Fill with 0's and 1's","tangram.easy5 - Fill with 0's and 1's","tangram.easy6 - Fill with 0's and 1's","tangram.easy7 - Fill with 0's and 1's","tangram.easy8 - Fill with 0's and 1's","tangram.easy9 - Fill with 0's and 1's","tangram.easy10 - Fill with 0's and 1's","tangram.medium1 - Fill with 0's and 1's","tangram.medium2 - Fill with 0's and 1's","tangram.medium3 - Fill with 0's and 1's","tangram.medium4 - Fill with 0's and 1's","tangram.medium5 - Fill with 0's and 1's","tangram.medium6 - Fill with 0's and 1's","tangram.medium7 - Fill with 0's and 1's","tangram.medium8 - Fill with 0's and 1's","tangram.medium9 - Fill with 0's and 1's","tangram.medium10 - Fill with 0's and 1's","tangram.hard1 - Fill with 0's and 1's","tangram.hard2 - Fill with 0's and 1's","tangram.hard3 - Fill with 0's and 1's","tangam.hard4 - Fill with 0's and 1's","tagram.hard5 - Fill with 0's and 1's","tangram.hard6 - Fill with 0's and 1's","tangram.hard7 - Fill with 0's and 1's","tangram.hard8 - Fill with 0's and 1's","tangram.hard9 - Fill with 0's and 1's","tangram.hard10 - Fill with 0's and 1's","topic.symbolic","agreement.symbolic.abort","agreement.symbolic.drugs","agreement.symbolic.homo","topic.control","agreement.control.edu","agreement.control.tech","agreement.control.life","sex","age","education","ocupation","religiosity","political.orientation","political.orientation.prog","political.orientation.econ","political.orientation.soc","political.orientation.safe","truthfulness"
1,1,"realistic",2,,,2,1,2,1,1,4,1,1,1,4,1,1,1,1,4,,,,,,,,,,,0,0,0,0,0,0,0,0,0,0,2,1,1,1,,1,,,,1,,,,,,,,1,1,1,1,,1,,,,,,1,,1,,1,1,0,1,0,0,0,1,0,0,0,0,0,0,0,1,1,1,1,0,1,0,0,0,0,0,1,0,1,0,,,,,,,,,2,"45",5,1,-0.49,-0.58,-0.46,-0.41,-0.56,-0.56,5
2,,"symbolic",,,,1,1,1,1,1,5,1,1,1,4,1,1,1,1,1,,,,,,,,,,,0,0,0,0,0,0,0,0,0,0,1,1,,,,,,,,,,,,,,,,,1,1,1,,,,1,1,1,1,1,1,1,1,0,0,0,0,0,0,0,0,0,0,0,0,0,0,0,0,1,1,1,0,0,0,1,1,1,1,1,1,1,1,3,,,1,,,,,2,"28",5,11,-0.79,-0.5,-1.0,-1.0,-1.0,-1.0,5
3,,"control",,,,1,1,1,1,1,5,1,1,1,5,1,1,1,1,6,"141","153",,,,,,,,,1,1,0,0,0,0,0,0,0,0,1,1,,,1,,,,,,1,,,1,,,,1,1,,1,,1,,,1,1,,1,,,1,0,0,1,0,0,0,0,0,1,0,0,1,0,0,0,1,1,0,1,0,1,0,0,1,1,0,1,0,0,1,,,,,3,,,1,2,"72",3,1,-1.0,0.01,0.0,0.11,0.0,0.36,5
4,,"symbolic",,,,5,6,1,1,5,1,1,2,2,1,1,1,5,5,1,,,,,,,,,,,0,0,0,0,0,0,0,0,0,0,1,1,1,1,1,1,1,1,1,1,1,1,,,,,,,,,,1,,,,,,,,,,,1,1,1,1,1,1,1,1,1,1,0,0,0,0,0,0,0,0,0,1,0,0,0,0,0,0,0,0,0,0,2,,1,,,,,,2,"28",4,7,-1.0,-1.0,-1.0,-1.0,-1.0,-1.0,5
5,,"control",,,,1,1,2,1,1,4,1,1,1,4,1,1,1,1,4,,,,,,,,,,,0,0,0,0,0,0,0,0,0,0,1,1,,,1,,,1,,1,,,,1,,1,,,1,1,,1,,1,,,,1,,1,,,0,0,1,0,0,1,0,1,0,0,0,1,0,1,0,0,1,1,0,1,0,1,0,0,0,1,0,1,0,0,,,,,3,,,1,2,"37",5,2,0.25,0.5,-0.5,-0.5,-0.6,-0.25,5
6,1,"realistic",2,,,3,3,2,1,1,6,1,1,1,5,1,1,1,1,6,,,,,,,,,,,0,0,0,0,0,0,0,0,0,0,1,1,,,,,,,,,,,1,1,1,1,1,1,1,1,1,1,,,,,,,1,,,,0,0,0,0,0,0,0,0,0,0,1,1,1,1,1,1,1,1,1,1,0,0,0,0,0,0,1,0,0,0,,,,,,,,,1,"23",4,11,0.05,-0.74,-0.74,-0.5,-0.74,-0.74,5
7,,"symbolic",,,,4,7,4,5,5,4,4,4,4,4,4,4,4,4,4,,,,,,,,,,,0,0,0,0,0,0,0,0,0,0,1,1,,,,,,,,,,,,,,,,1,,,,,1,1,1,1,1,1,1,1,1,1,0,0,0,0,0,0,0,0,0,0,0,0,0,0,0,1,0,0,0,0,1,1,1,1,1,1,1,1,1,1,3,,,1,,,,,1,"21",2,4,-1.0,-1.0,-1.0,-1.0,-1.0,-1.0,5
8,,"symbolic",,,,5,5,1,1,1,4,1,1,1,4,1,1,1,1,5,,,,,,,,,,,0,0,0,0,0,0,0,0,0,0,1,1,1,1,1,1,1,1,1,1,1,1,,1,,,,,,,,,,,,,,,,,,,1,1,1,1,1,1,1,1,1,1,0,1,0,0,0,0,0,0,0,0,0,0,0,0,0,0,0,0,0,0,2,,1,,,,,,1,"29",3,4,-0.95,-0.5,-0.25,-0.8,0.0,0.0,5
9,3,"realistic",,,1,4,2,1,1,2,5,1,1,1,4,1,1,1,1,4,,,,,,,,,,,0,0,0,0,0,0,0,0,0,0,1,1,1,1,1,,,,,,,,1,,,1,1,,,,1,1,,,,,,1,1,1,,,1,1,1,0,0,0,0,0,0,0,1,0,0,1,1,0,0,0,1,1,0,0,0,0,0,1,1,1,0,0,,,,,,,,,2,"33",3,1,-0.28,0.01,0.01,0.26,-0.3,0.16,5
10,1,"realistic",2,,,1,1,6,1,1,1,1,1,1,4,1,1,1,1,7,"185",,,,,,,,,,1,0,0,0,0,0,0,0,0,0,1,1,1,,,,,,,,,,1,,1,,,,,,,,1,1,1,1,1,1,1,1,,,1,0,0,0,0,0,0,0,0,0,1,0,1,0,0,0,0,0,0,0,1,1,1,1,1,1,1,1,0,0,,,,,,,,,2,"46",2,1,0.98,0.8,-1.0,-1.0,-0.91,-0.98,5
11,,"control",,,,1,1,1,1,3,4,1,1,1,4,1,1,1,1,4,,,,,,,,,,,0,0,0,0,0,0,0,0,0,0,1,1,1,1,,,1,1,1,1,1,1,,1,,,1,,1,,,,,,,,,,,,,,1,1,0,0,1,1,1,1,1,1,0,1,0,0,1,0,1,0,0,0,0,0,0,0,0,0,0,0,0,0,,,,,3,,,2,3,"37",3,7,-0.8,-0.83,-0.8,-0.9,-1.0,-0.8,5
12,2,"realistic",,1,,1,1,1,1,1,5,1,1,1,4,1,1,1,1,5,,,,,,,,,,,0,0,0,0,0,0,0,0,0,0,1,1,,,,,,,,,,,,,,,,,,,,1,1,1,1,1,1,1,1,1,1,1,0,0,0,0,0,0,0,0,0,0,0,0,0,0,0,0,0,0,0,1,1,1,1,1,1,1,1,1,1,1,,,,,,,,,1,"60",3,2,0.19,0.0,-0.03,0.21,-0.03,0.0,5
13,,"control",,,,1,1,1,1,1,6,1,1,1,6,1,1,1,1,6,,,,,,,,,,,0,0,0,0,0,0,0,0,0,0,1,1,,1,1,1,,1,,,1,,,1,,1,,,,1,,1,1,,,,,,,,,1,0,1,1,1,0,1,0,0,1,0,0,1,0,1,0,0,0,1,0,1,1,0,0,0,0,0,0,0,0,1,,,,,2,,2,,2,"22",3,10,-1.0,-1.0,-1.0,-1.0,-1.0,-1.0,5
14,,"control",,,,3,2,1,1,1,5,1,1,1,4,1,1,1,1,5,,,,,,,,,,,0,0,0,0,0,0,0,0,0,0,1,1,1,1,1,1,1,1,1,1,1,1,,1,,,,,,,,,,,,,,,,,,,1,1,1,1,1,1,1,1,1,1,0,1,0,0,0,0,0,0,0,0,0,0,0,0,0,0,0,0,0,0,,,,,3,,,1,1,"23",4,11,-0.98,-1.0,-1.0,-1.0,-1.0,-1.0,5
15,3,"realistic",,,1,5,2,5,2,2,4,1,2,1,4,1,1,2,2,5,,,,,,,,,,,0,0,0,0,0,0,0,0,0,0,1,1,,,,,,,,,,,,,1,,1,,1,,1,,,1,,1,1,,1,1,1,1,0,0,0,0,0,0,0,0,0,0,0,0,1,0,1,0,1,0,1,0,0,1,0,1,1,0,1,1,1,1,,,,,,,,,2,"43",4,1,-0.81,-0.84,-1.0,-0.7,-1.0,-1.0,5
16,,"control",,,,1,1,1,1,1,4,1,1,1,4,1,1,1,1,4,,,,,,,,,,,0,0,0,0,0,0,0,0,0,0,1,1,,,,1,,,,,,1,,1,1,,,,1,1,1,1,,,,,1,1,,,,1,0,0,0,1,0,0,0,0,0,1,0,1,1,0,0,0,1,1,1,1,0,0,0,0,1,1,0,0,0,1,,,,,1,1,,,2,"42",3,7,-1.0,-0.78,-0.99,-0.98,-0.88,-0.92,5
17,,"symbolic",,,,6,6,2,4,6,2,2,6,5,2,1,4,3,4,2,,,,,,,,,,,0,0,0,0,0,0,0,0,0,0,1,1,,,,,,,,,,,,,,,,1,,,,,1,1,1,1,1,1,1,1,1,1,0,0,0,0,0,0,0,0,0,0,0,0,0,0,0,1,0,0,0,0,1,1,1,1,1,1,1,1,1,1,2,,1,,,,,,2,"25",5,4,-0.9,-1.0,-1.0,-1.0,-1.0,-1.0,5
18,,"symbolic",,,,7,7,4,5,6,3,3,5,7,3,1,6,4,5,2,"131","152",,,,,,,,,1,1,0,0,0,0,0,0,0,0,1,1,,,,,,,,,,,,,,,,,,,,1,1,1,1,1,1,1,1,1,1,1,0,0,0,0,0,0,0,0,0,0,0,0,0,0,0,0,0,0,0,1,1,1,1,1,1,1,1,1,1,1,1,1,,,,,,,2,"24",4,2,0.34,-1.0,-1.0,-0.55,-0.99,-1.0,5
19,1,"realistic",1,,,1,1,1,1,1,7,1,1,1,4,1,1,1,1,6,,,,,,,,,,,0,0,0,0,0,0,0,0,0,0,1,1,,,1,1,1,1,,,,,,,1,1,1,1,,,,,,,,1,1,,1,,,,0,0,1,1,1,1,0,0,0,0,0,0,1,1,1,1,0,0,0,0,0,0,0,1,1,0,1,0,0,0,,,,,,,,,2,"29",3,4,-0.49,-1.0,-1.0,-1.0,-1.0,-1.0,5
20,,"control",,,,4,2,1,1,1,6,1,1,1,4,1,1,1,1,4,,,,,,,,,,,0,0,0,0,0,0,0,0,0,0,1,1,1,1,1,1,1,1,1,1,1,1,,1,,,,,,,,,,,,,,,,,,,1,1,1,1,1,1,1,1,1,1,0,1,0,0,0,0,0,0,0,0,0,0,0,0,0,0,0,0,0,0,,,,,3,,,1,2,"39",3,4,-0.53,-0.04,-0.09,-0.47,-0.51,-0.5,5
21,2,"realistic",,2,,2,3,1,1,1,3,1,1,2,3,1,1,2,1,4,,,,,,,,,,,0,0,0,0,0,0,0,0,0,0,1,1,,,,,,,,,,,,,,,,,,,,1,1,1,1,1,1,1,1,1,1,1,0,0,0,0,0,0,0,0,0,0,0,0,0,0,0,0,0,0,0,1,1,1,1,1,1,1,1,1,1,1,,,,,,,,,1,"24",4,1,-1.0,-0.76,-0.8,-0.8,-0.8,-0.8,5
22,,"control",,,,1,1,1,1,1,5,1,1,1,5,1,1,1,1,5,,,,,,,,,,,0,0,0,0,0,0,0,0,0,0,1,1,1,1,1,1,1,1,1,1,1,,,,,,,,,,1,,,,,,,,,,,1,1,1,1,1,1,1,1,1,1,0,0,0,0,0,0,0,0,0,1,0,0,0,0,0,0,0,0,0,0,1,,,,,1,1,,,2,"73",5,7,1.0,-0.79,-0.79,-0.5,-0.8,-0.8,5
23,,"symbolic",,,,6,6,2,6,7,2,4,6,7,3,1,5,6,6,1,"146","95","175","114","179",,,,,,1,1,1,1,1,0,0,0,0,0,1,1,,,,,,,,,,,1,,1,,1,,,1,1,1,,1,,1,,1,1,,,1,0,0,0,0,0,0,0,0,0,0,1,0,1,0,1,0,0,1,1,1,0,1,0,1,0,1,1,0,0,1,3,,,2,,,,,1,"38",5,1,0.52,0.6,0.81,0.61,0.67,0.55,5
24,2,"realistic",,1,,3,2,1,2,2,3,1,2,2,3,1,1,3,2,4,"247","203","79","39","28","142",,,,,1,1,1,1,1,1,0,0,0,0,1,1,,1,,,1,,,,1,,1,,1,1,,,1,1,,1,,,,,,1,,1,,,0,1,0,0,1,0,0,0,1,0,1,0,1,1,0,0,1,1,0,1,0,0,0,0,0,1,0,1,0,0,,,,,,,,,1,"21",3,10,-0.91,0.17,-0.18,0.5,0.64,-0.39,5
25,,"control",,,,2,3,1,1,1,3,1,1,1,3,1,1,1,1,4,"142","117","170","147","136","114","166",,,,1,1,1,1,1,1,1,0,0,0,1,1,1,1,1,1,1,1,1,1,1,1,,1,,,,,,,,,,,,,,,,,,,1,1,1,1,1,1,1,1,1,1,0,1,0,0,0,0,0,0,0,0,0,0,0,0,0,0,0,0,0,0,,,,,2,,2,,1,"52",4,1,-1.0,-1.0,-1.0,-0.9,-1.0,-1.0,5
26,,"symbolic",,,,3,6,2,6,5,5,2,6,5,2,1,3,6,4,3,"137","150","107","124","158","167",,,,,1,1,1,1,1,1,0,0,0,0,1,1,1,,,,1,,,1,,1,,1,,,,1,1,,,,,,,,,1,1,1,1,,1,0,0,0,1,0,0,1,0,1,0,1,0,0,0,1,1,0,0,0,0,0,0,0,0,1,1,1,1,0,3,,,1,,,,,1,"25",5,1,-0.7,-0.8,-0.5,-0.7,-0.4,-0.4,5
27,3,"realistic",,,1,5,3,2,1,2,4,1,1,1,5,1,2,1,2,5,,,,,,,,,,,0,0,0,0,0,0,0,0,0,0,1,1,,,,,,,,,,1,,1,,,1,1,1,1,1,,,,,,1,,1,1,1,,0,0,0,0,0,0,0,0,0,1,0,1,0,0,1,1,1,1,1,0,0,0,0,0,1,0,1,1,1,0,,,,,,,,,2,"19",3,10,-0.65,-0.67,-0.68,-0.38,-0.44,-0.67,5
28,,"control",,,,1,1,2,1,1,6,1,1,1,6,1,2,2,1,5,"245","20",,,,,,,,,1,1,0,0,0,0,0,0,0,0,1,1,1,,,,1,1,,1,,,,1,1,1,,,,,,,,,,1,,,,1,1,1,1,0,0,0,1,1,0,1,0,0,0,1,1,1,0,0,0,0,0,0,0,0,0,1,0,0,0,1,1,1,,,,,2,,1,,1,"37",3,4,-0.39,-0.78,-0.77,-0.78,-0.55,-0.73,5
29,,"symbolic",,,,1,2,2,2,3,2,2,2,4,3,1,2,3,2,2,,,,,,,,,,,0,0,0,0,0,0,0,0,0,0,1,1,1,1,1,,,,,,,,1,1,1,1,,,,,,,1,1,1,1,,,,,,,1,1,1,0,0,0,0,0,0,0,1,1,1,1,0,0,0,0,0,0,1,1,1,1,0,0,0,0,0,0,1,1,,,,,,,2,"24",4,4,-1.0,-1.0,-1.0,-1.0,-1.0,-1.0,5
30,2,"realistic",,1,,1,1,1,1,1,4,1,5,3,4,1,1,2,2,4,"231","54","109","180","140","141","116","174","143","141",1,1,1,1,1,1,1,1,1,1,1,1,,,,,,,,,,,,,,,,1,,,,,1,1,1,1,1,1,1,1,1,1,0,0,0,0,0,0,0,0,0,0,0,0,0,0,0,1,0,0,0,0,1,1,1,1,1,1,1,1,1,1,,,,,,,,,1,"23",3,4,0.64,1.0,1.0,0.0,1.0,-0.21,5
31,,"control",,,,1,1,1,1,1,6,1,1,1,4,1,1,1,1,6,,,,,,,,,,,0,0,0,0,0,0,0,0,0,0,1,4,1,1,1,1,1,1,1,1,1,1,1,,,,,,,,,,,,,,,,,,,,1,1,1,1,1,1,1,1,1,1,1,0,0,0,0,0,0,0,0,0,0,0,0,0,0,0,0,0,0,0,,,,,1,1,,,3,"27",4,1,0.7,-1.0,-1.0,-1.0,-1.0,-1.0,5
32,,"control",,,,1,1,2,1,2,5,1,1,1,5,1,1,1,1,5,,,,,,,,,,,0,0,0,0,0,0,0,0,0,0,1,1,1,1,1,1,1,1,1,1,1,1,,1,,,,,,,,,,,,,,,,,,,1,1,1,1,1,1,1,1,1,1,0,1,0,0,0,0,0,0,0,0,0,0,0,0,0,0,0,0,0,0,,,,,1,1,,,1,"36",5,1,-1.0,-0.99,-1.0,-1.0,-1.0,-1.0,5
33,3,"realistic",,,1,1,1,1,1,1,4,1,4,1,4,1,1,1,1,4,,,,,,,,,,,0,0,0,0,0,0,0,0,0,0,1,1,,,,,,1,1,,,,1,1,1,1,1,,,1,1,1,,,,1,,,,,,,0,0,0,0,0,1,1,0,0,0,1,1,1,1,1,0,0,1,1,1,0,0,0,1,0,0,0,0,0,0,,,,,,,,,1,"20",3,1,-1.0,0.17,0.3,0.25,0.22,0.24,5
34,,"control",,,,5,1,1,2,1,6,1,1,2,5,1,1,2,1,5,"144","160","183","126","128","173","84","187","122","139",1,1,1,1,1,1,1,1,1,1,1,1,1,1,1,1,1,1,1,1,1,1,,1,,,,,,,,,,,,,,,,,,,1,1,1,1,1,1,1,1,1,1,0,1,0,0,0,0,0,0,0,0,0,0,0,0,0,0,0,0,0,0,,,,,3,,,1,2,"33",4,1,0.55,-1.0,-0.58,-1.0,-1.0,-1.0,5
35,2,"realistic",,2,,2,2,2,1,1,5,1,1,1,5,1,1,1,1,5,,,,,,,,,,,0,0,0,0,0,0,0,0,0,0,1,1,,,1,1,,1,,,1,,1,1,,,,,1,,,1,1,,,,,,,1,1,,0,0,1,1,0,1,0,0,1,0,1,1,0,0,0,0,1,0,0,1,1,0,0,0,0,0,0,1,1,0,,,,,,,,,1,"19",4,10,1.0,0.75,-0.15,1.0,1.0,1.0,5
36,,"symbolic",,,,5,7,2,2,3,4,1,2,2,4,1,2,2,2,2,,,,,,,,,,,0,0,0,0,0,0,0,0,0,0,1,1,,,,1,,1,,1,,,,,1,1,,,1,1,,,,,1,1,,,1,,1,,0,0,0,1,0,1,0,1,0,0,0,0,1,1,0,0,1,1,0,0,0,0,1,1,0,0,1,0,1,0,1,1,,,,,,,3,"30",4,1,-0.75,-0.9,-1.0,-0.6,-0.95,-0.5,5
37,,"control",,,,4,2,1,1,1,6,1,1,1,4,1,1,1,1,6,,,,,,,,,,,0,0,0,0,0,0,0,0,0,0,1,1,1,1,1,1,1,1,1,1,1,1,,1,,,,,,,,,,,,,,,,,,,1,1,1,1,1,1,1,1,1,1,0,1,0,0,0,0,0,0,0,0,0,0,0,0,0,0,0,0,0,0,,,,,3,,,1,1,"26",4,1,-0.73,-0.26,-0.54,-0.26,-0.89,-0.86,5
38,,"control",,,,2,2,2,2,2,2,3,2,3,3,3,2,2,3,3,,,,,,,,,,,0,0,0,0,0,0,0,0,0,0,1,1,1,1,1,1,1,1,1,1,1,1,,,,1,,,,,,,,,,,,,,,,,1,1,1,1,1,1,1,1,1,1,0,0,0,1,0,0,0,0,0,0,0,0,0,0,0,0,0,0,0,0,,,,,1,2,,,1,"33",5,1,-1.0,-0.69,-0.31,-0.51,-0.55,-0.88,5
39,,"symbolic",,,,3,6,2,3,3,5,1,3,3,3,1,3,2,3,6,,,,,,,,,,,0,0,0,0,0,0,0,0,0,0,1,1,1,1,1,1,1,1,1,1,1,1,1,,,,,,,,,,,,,,,,,,,,1,1,1,1,1,1,1,1,1,1,1,0,0,0,0,0,0,0,0,0,0,0,0,0,0,0,0,0,0,0,3,,,1,,,,,1,"27",4,4,0.4,-0.2,-0.1,0.1,-0.2,-0.35,5
40,,"symbolic",,,,3,3,2,2,2,2,2,2,2,4,1,2,2,2,2,,,,,,,,,,,0,0,0,0,0,0,0,0,0,0,1,1,1,1,1,,1,1,1,,1,1,,1,,,1,,,,,,1,,,,,,,,,,1,1,1,0,1,1,1,0,1,1,0,1,0,0,1,0,0,0,0,0,1,0,0,0,0,0,0,0,0,0,3,,,1,,,,,1,"25",4,4,0.05,0.5,0.8,0.2,0.5,0.8,5
41,3,"realistic",,,1,1,1,1,1,1,7,1,1,1,7,1,1,1,1,7,,,,,,,,,,,0,0,0,0,0,0,0,0,0,0,1,1,1,1,1,1,,,1,,1,1,,,,,1,,1,1,,,,,1,,,,,,,,1,1,1,1,0,0,1,0,1,1,0,0,0,0,1,0,1,1,0,0,0,0,1,0,0,0,0,0,0,0,,,,,,,,,1,"32",4,4,-1.0,0.09,0.06,0.06,0.05,0.0,5
42,,"symbolic",,,,7,7,2,7,7,1,2,7,7,1,1,6,6,7,1,,,,,,,,,,,0,0,0,0,0,0,0,0,0,0,1,1,,,,,,,,,,,,,,,,1,,,,,1,1,1,1,1,1,1,1,1,1,0,0,0,0,0,0,0,0,0,0,0,0,0,0,0,1,0,0,0,0,1,1,1,1,1,1,1,1,1,1,1,1,,,,,,,2,"31",4,1,-1.0,-1.0,-1.0,-1.0,-1.0,-1.0,5
43,,"symbolic",,,,4,5,2,4,3,4,2,2,4,3,1,2,2,4,4,,,,,,,,,,,0,0,0,0,0,0,0,0,0,0,1,1,1,,,1,,,,1,,1,,1,,,1,,1,,1,,,,1,,,1,,,,1,1,0,0,1,0,0,0,1,0,1,0,1,0,0,1,0,1,0,1,0,0,0,1,0,0,1,0,0,0,1,3,,,1,,,,,2,"45",3,1,0.0,-0.8,-0.79,-0.75,-0.67,-0.68,5
44,,"control",,,,2,2,1,1,1,5,1,1,1,6,1,1,1,1,6,,,,,,,,,,,0,0,0,0,0,0,0,0,0,0,1,1,1,1,,,,1,,,1,1,,1,,1,1,,,,1,,,,,,1,,,,,1,1,1,0,0,0,1,0,0,1,1,0,1,0,1,1,0,0,0,1,0,0,0,0,0,1,0,0,0,0,1,,,,,3,,,1,2,"21",3,1,-1.0,0.16,0.4,0.39,0.56,-0.43,5
45,3,"realistic",,,1,1,1,1,1,1,5,1,1,1,4,1,1,1,1,5,,,,,,,,,,,0,0,0,0,0,0,0,0,0,0,1,1,1,,,,1,1,,,1,,,,1,1,,1,,1,,1,1,,1,,,,,,,,1,0,0,0,1,1,0,0,1,0,0,0,1,1,0,1,0,1,0,1,1,0,1,0,0,0,0,0,0,0,,,,,,,,,1,"25",5,1,0.32,-0.78,-1.0,-0.9,-0.45,-1.0,5
46,3,"realistic",,,1,3,1,2,1,1,6,1,1,1,4,1,1,1,1,6,,,,,,,,,,,0,0,0,0,0,0,0,0,0,0,1,1,,,,,,,,,,,,,,,,1,,,,,1,1,1,1,1,1,1,1,1,1,0,0,0,0,0,0,0,0,0,0,0,0,0,0,0,1,0,0,0,0,1,1,1,1,1,1,1,1,1,1,,,,,,,,,2,"31",4,7,0.48,-0.71,-0.79,-0.94,-0.58,-0.79,5
47,1,"realistic",1,,,5,1,1,1,1,7,1,1,1,7,1,1,1,1,7,,,,,,,,,,,0,0,0,0,0,0,0,0,0,0,1,1,,,,,,,,,1,,1,1,1,1,1,1,1,1,1,1,,,,,,,,,,,0,0,0,0,0,0,0,0,1,0,1,1,1,1,1,1,1,1,1,1,0,0,0,0,0,0,0,0,0,0,,,,,,,,,1,"21",4,1,0.79,-1.0,-1.0,0.67,-1.0,-1.0,5
48,2,"realistic",,2,,4,3,2,1,1,5,1,1,1,5,1,1,1,2,6,,,,,,,,,,,0,0,0,0,0,0,0,0,0,0,1,1,,1,1,,1,,,,,,1,1,1,1,1,1,,,,,,,,1,,,1,,,,0,1,1,0,1,0,0,0,0,0,1,1,1,1,1,1,0,0,0,0,0,0,0,1,0,0,1,0,0,0,,,,,,,,,1,"22",5,1,0.9,-0.7,-0.61,-0.74,-0.74,-0.62,5
49,,"control",,,,4,3,1,1,1,4,1,1,1,4,1,1,1,1,4,,,,,,,,,,,0,0,0,0,0,0,0,0,0,0,1,2,1,1,1,1,1,1,1,1,1,1,1,,,,,,,,,,,,,,,,,,,,1,1,1,1,1,1,1,1,1,1,1,0,0,0,0,0,0,0,0,0,0,0,0,0,0,0,0,0,0,0,,,,,1,1,,,2,"27",3,4,-0.82,-1.0,-0.75,-1.0,-1.0,-1.0,5
50,,"control",,,,1,1,1,1,1,6,1,1,1,4,1,1,1,1,4,,,,,,,,,,,0,0,0,0,0,0,0,0,0,0,1,1,1,,,1,1,1,,1,1,,,,,,1,1,,,1,,,,,,,1,,1,,,1,0,0,1,1,1,0,1,1,0,0,0,0,0,1,1,0,0,1,0,0,0,0,0,0,1,0,1,0,0,,,,,2,,2,,1,"21",3,10,0.15,-0.45,-0.7,0.25,-0.65,-0.65,5
51,,"symbolic",,,,1,5,1,1,2,1,1,2,2,2,1,1,1,2,1,,,,,,,,,,,0,0,0,0,0,0,0,0,0,0,1,1,,,,1,1,,,,,,,1,,,,1,1,1,1,,,,,,,1,1,1,1,,0,0,0,1,1,0,0,0,0,0,0,1,0,0,0,1,1,1,1,0,0,0,0,0,0,1,1,1,1,0,1,1,,,,,,,1,"41",3,1,-0.97,-0.75,-0.77,-0.74,-0.85,-0.76,5
52,3,"realistic",,,1,2,2,2,2,2,4,2,2,2,4,1,2,2,2,4,"112","186",,,,,,,,,1,1,0,0,0,0,0,0,0,0,1,1,1,1,,,,,,,1,1,,,,,,,,1,1,1,,,,,,,1,1,1,1,1,1,0,0,0,0,0,0,1,1,0,0,0,0,0,0,0,1,1,1,0,0,0,0,0,0,1,1,1,1,,,,,,,,,1,"60",3,2,-1.0,-1.0,-1.0,-1.0,-1.0,-1.0,5
53,3,"realistic",,,1,4,4,2,2,2,4,2,2,2,4,1,2,2,2,4,,,,,,,,,,,0,0,0,0,0,0,0,0,0,0,1,1,1,1,1,1,1,1,1,1,1,1,1,,,,,,,,,,,,,,,,,,,,1,1,1,1,1,1,1,1,1,1,1,0,0,0,0,0,0,0,0,0,0,0,0,0,0,0,0,0,0,0,,,,,,,,,1,"31",4,1,-1.0,-1.0,-1.0,-1.0,-1.0,-1.0,5
54,,"control",,,,4,3,1,1,1,4,1,1,1,4,1,1,1,1,4,,,,,,,,,,,0,0,0,0,0,0,0,0,0,0,1,1,1,1,1,1,1,1,1,1,1,1,,,,1,,,,,,,,,,,,,,,,,1,1,1,1,1,1,1,1,1,1,0,0,0,1,0,0,0,0,0,0,0,0,0,0,0,0,0,0,0,0,,,,,2,,1,,1,"58",4,1,-0.97,0.0,-0.67,0.67,-0.67,0.3,5
55,2,"realistic",,2,,3,3,2,2,2,4,2,2,2,4,1,2,3,2,3,"61",,,,,,,,,,1,0,0,0,0,0,0,0,0,0,1,1,1,1,1,1,,,1,1,1,,,,,1,1,1,,,,,,,,,,,,,,1,1,1,1,1,0,0,1,1,1,0,0,0,0,1,1,1,0,0,0,0,0,0,0,0,0,0,0,0,0,1,,,,,,,,,1,"39",4,1,-0.67,0.25,0.27,0.42,0.05,0.02,5
56,,"control",,,,5,6,4,5,4,3,3,5,5,3,1,5,4,4,2,"131","126","145",,,,,,,,1,1,1,0,0,0,0,0,0,0,1,1,1,1,1,1,1,1,1,1,1,1,,,,,,,,,,1,,,,,,,,,,,1,1,1,1,1,1,1,1,1,1,0,0,0,0,0,0,0,0,0,1,0,0,0,0,0,0,0,0,0,0,,,,,2,,2,,1,"30",4,1,-0.72,-0.61,-0.49,-0.52,-0.51,-0.35,5
57,,"symbolic",,,,4,6,4,3,3,3,1,2,1,2,1,1,3,2,4,"144","164","124","119","151",,,,,,1,1,1,1,1,0,0,0,0,0,1,1,,,,,1,1,,1,,,,,,,1,1,1,,1,1,1,1,,,,,,1,,,0,0,0,0,1,1,0,1,0,0,0,0,0,0,1,1,1,0,1,1,1,1,0,0,0,0,0,1,0,0,2,,1,,,,,,1,"20",3,10,-1.0,-0.71,-1.0,0.56,-1.0,0.25,5
58,,"symbolic",,,,1,1,1,1,2,4,1,1,1,4,1,1,1,1,1,,,,,,,,,,,0,0,0,0,0,0,0,0,0,0,1,1,1,1,1,1,1,1,1,1,1,1,1,,,,,,,,,,,,,,,,,,,,1,1,1,1,1,1,1,1,1,1,1,0,0,0,0,0,0,0,0,0,0,0,0,0,0,0,0,0,0,0,2,,1,,,,,,2,"71",4,7,0.99,1.0,1.0,1.0,1.0,1.0,5
59,,"symbolic",,,,4,1,1,1,1,3,1,1,1,3,1,1,1,1,3,,,,,,,,,,,0,0,0,0,0,0,0,0,0,0,1,1,,,,,,,,,,,,,,,,,1,,,,1,1,1,1,1,1,1,1,1,1,0,0,0,0,0,0,0,0,0,0,0,0,0,0,0,0,1,0,0,0,1,1,1,1,1,1,1,1,1,1,2,,1,,,,,,2,"65",3,7,1.0,-0.05,-0.36,-0.83,-0.73,-0.73,5
60,,"symbolic",,,,5,6,5,2,4,4,4,2,5,4,1,5,3,3,4,,,,,,,,,,,0,0,0,0,0,0,0,0,0,0,1,1,1,,,,,,,,,,,,,,,,1,1,1,,1,,1,1,1,1,1,1,,,1,0,0,0,0,0,0,0,0,0,0,0,0,0,0,0,1,1,1,0,1,0,1,1,1,1,1,1,0,0,1,1,,,,,,,2,"35",5,4,0.25,-0.8,-0.8,-0.5,-1.0,-0.8,5
61,3,"realistic",,,1,6,4,5,4,3,4,2,5,2,4,1,5,4,3,4,"148","134","157","237","56","113","169","140","139","166",1,1,1,1,1,1,1,1,1,1,1,1,,,,,,,,,,,,,,,,1,,,,,1,1,1,1,1,1,1,1,1,1,0,0,0,0,0,0,0,0,0,0,0,0,0,0,0,1,0,0,0,0,1,1,1,1,1,1,1,1,1,1,,,,,,,,,2,"37",5,1,-0.49,-0.88,-0.47,-0.41,-1.0,-0.4,5
62,,"control",,,,1,1,1,1,1,4,1,1,1,4,1,1,4,1,4,,,,,,,,,,,0,0,0,0,0,0,0,0,0,0,1,1,,,,,,,,,,,,,,,,,,,,1,1,1,1,1,1,1,1,1,1,1,0,0,0,0,0,0,0,0,0,0,0,0,0,0,0,0,0,0,0,1,1,1,1,1,1,1,1,1,1,1,,,,,2,,1,,2,"28",4,10,0.34,-1.0,0.22,-1.0,1.0,-1.0,5
63,,"control",,,,3,3,2,3,3,5,1,1,1,5,1,2,2,1,5,,,,,,,,,,,0,0,0,0,0,0,0,0,0,0,1,1,1,,1,,1,1,1,,1,1,1,,,,1,,,1,,,,,,,,,,,,1,1,0,1,0,1,1,1,0,1,1,1,0,0,0,1,0,0,1,0,0,0,0,0,0,0,0,0,0,0,1,,,,,3,,,1,2,"26",4,1,0.5,-0.7,-0.7,-0.74,-0.77,-0.5,5
64,2,"realistic",,2,,5,1,1,1,1,5,1,1,1,4,1,1,1,1,5,"117","170",,,,,,,,,1,1,0,0,0,0,0,0,0,0,1,1,,,,,,,,,,,,,,,,,,1,,,1,1,1,1,1,1,1,1,1,1,0,0,0,0,0,0,0,0,0,0,0,0,0,0,0,0,0,1,0,0,1,1,1,1,1,1,1,1,1,1,,,,,,,,,1,"20",3,10,-1.0,-0.33,-0.5,-0.5,-0.25,-0.25,5
65,,"control",,,,2,2,2,2,2,4,1,2,1,6,1,2,3,1,6,,,,,,,,,,,0,0,0,0,0,0,0,0,0,0,1,1,,,,1,,1,,,1,,,,,1,1,,1,,,,,1,,,,,1,1,1,1,0,0,0,1,0,1,0,0,1,0,0,0,0,1,1,0,1,0,0,0,0,1,0,0,0,0,1,1,1,1,,,,,2,,2,,1,"24",4,1,-0.72,-0.28,-0.54,-0.51,-0.75,-0.56,5
66,,"control",,,,3,2,1,1,1,5,1,1,1,5,1,1,1,1,5,,,,,,,,,,,0,0,0,0,0,0,0,0,0,0,1,1,1,1,1,,,,,1,,1,,,,1,1,1,,,1,,,,,,,,1,1,,,1,1,1,0,0,0,0,1,0,1,0,0,0,1,1,1,0,0,1,0,0,0,0,0,0,0,1,1,0,0,,,,,2,,1,,1,"37",3,1,1.0,0.42,0.55,0.55,0.39,0.28,5
67,3,"realistic",,,1,2,1,1,1,1,1,1,1,1,1,1,1,1,1,1,,,,,,,,,,,0,0,0,0,0,0,0,0,0,0,1,1,,,,,,,,,,,,,,,,1,1,1,1,,,1,1,1,,1,1,1,1,,0,0,0,0,0,0,0,0,0,0,0,0,0,0,0,1,1,1,1,0,0,1,1,1,0,1,1,1,1,0,,,,,,,,,2,"29",5,1,-1.0,-0.64,-1.0,-0.76,-1.0,-1.0,5
68,,"symbolic",,,,5,3,2,4,3,4,5,4,4,5,1,4,3,4,5,"142","153","144","109","144","142","133","181","141",,1,1,1,1,1,1,1,1,1,0,1,1,1,1,,,,,,1,,,1,1,,,,,,,,1,1,,1,,,1,,,1,1,1,1,0,0,0,0,0,1,0,0,1,1,0,0,0,0,0,0,0,1,1,0,1,0,0,1,0,0,1,1,2,,1,,,,,,2,"26",4,11,-0.22,-0.24,0.36,-0.29,0.1,-0.15,5
69,,"control",,,,2,2,2,2,2,5,2,1,2,3,1,2,2,2,5,"148","141","126","133",,,,,,,1,1,1,1,0,0,0,0,0,0,1,1,1,1,1,1,1,1,1,1,1,1,,,,1,,,,,,,,,,,,,,,,,1,1,1,1,1,1,1,1,1,1,0,0,0,1,0,0,0,0,0,0,0,0,0,0,0,0,0,0,0,0,,,,,2,,2,,1,"36",4,1,-1.0,-1.0,-1.0,-1.0,-0.37,-0.52,5
70,,"control",,,,3,3,1,1,1,7,1,1,1,4,1,1,1,1,5,,,,,,,,,,,0,0,0,0,0,0,0,0,0,0,1,1,1,1,1,1,1,1,1,1,1,1,,1,,,,,,,,,,,,,,,,,,,1,1,1,1,1,1,1,1,1,1,0,1,0,0,0,0,0,0,0,0,0,0,0,0,0,0,0,0,0,0,,,,,3,,,1,2,"21",3,10,-1.0,-1.0,-1.0,-1.0,-1.0,-1.0,5
71,,"symbolic",,,,3,2,3,2,2,4,1,2,2,4,1,4,2,1,3,"145","136","135","147","154","143","131","125","125","144",1,1,1,1,1,1,1,1,1,1,1,1,,,,1,,1,,,1,,,,,1,,,,,1,,,1,,1,,1,1,1,1,,0,0,0,1,0,1,0,0,1,0,0,0,0,1,0,0,0,0,1,0,0,1,0,1,0,1,1,1,1,0,1,1,,,,,,,2,"38",4,1,0.26,-0.64,-0.84,0.35,-0.66,-0.68,5
72,2,"realistic",,1,,7,3,2,4,2,5,2,2,2,5,1,2,2,2,5,"129",,,,,,,,,,1,0,0,0,0,0,0,0,0,0,1,1,,,,,,,,,,,,,,,,,,,,1,1,1,1,1,1,1,1,1,1,1,0,0,0,0,0,0,0,0,0,0,0,0,0,0,0,0,0,0,0,1,1,1,1,1,1,1,1,1,1,1,,,,,,,,,2,"33",4,1,0.85,1.0,1.0,0.97,1.0,1.0,5
73,,"control",,,,1,1,1,1,1,7,1,1,1,4,1,1,1,1,1,,,,,,,,,,,0,0,0,0,0,0,0,0,0,0,1,1,1,1,1,1,1,1,1,1,1,1,1,,,,,,,,,,,,,,,,,,,,1,1,1,1,1,1,1,1,1,1,1,0,0,0,0,0,0,0,0,0,0,0,0,0,0,0,0,0,0,0,,,,,3,,,1,2,"29",3,10,-0.54,-0.47,-0.23,-0.4,-1.0,-0.25,5
74,,"control",,,,1,1,1,1,1,1,1,1,1,4,1,1,1,1,4,,,,,,,,,,,0,0,0,0,0,0,0,0,0,0,1,1,,,,,,,,1,1,1,,,,,,,1,1,1,1,,,,,,,1,1,1,1,0,0,0,0,0,0,0,1,1,1,0,0,0,0,0,0,1,1,1,1,0,0,0,0,0,0,1,1,1,1,,,,,1,2,,,2,"34",5,1,-1.0,-0.83,-0.9,-0.56,-0.83,-0.68,5
75,,"control",,,,1,1,1,1,1,4,1,1,1,4,1,1,1,1,4,,,,,,,,,,,0,0,0,0,0,0,0,0,0,0,1,1,1,1,1,1,1,1,1,1,1,1,1,,,,,,,,,,,,,,,,,,,,1,1,1,1,1,1,1,1,1,1,1,0,0,0,0,0,0,0,0,0,0,0,0,0,0,0,0,0,0,0,,,,,3,,,2,1,"33",5,4,-1.0,-0.25,-0.25,-0.25,-0.25,-0.3,5
76,1,"realistic",2,,,1,1,1,1,1,6,1,1,1,5,1,1,1,1,6,,,,,,,,,,,0,0,0,0,0,0,0,0,0,0,1,1,,,1,1,,,1,,,,1,1,,,1,1,,,1,,,,,,1,,,1,,1,0,0,1,1,0,0,1,0,0,0,1,1,0,0,1,1,0,0,1,0,0,0,0,0,1,0,0,1,0,1,,,,,,,,,2,"22",4,4,-0.3,-0.61,-0.11,-0.8,-0.95,-0.65,5
77,,"symbolic",,,,2,6,1,1,2,3,1,1,3,3,1,1,2,2,3,,,,,,,,,,,0,0,0,0,0,0,0,0,0,0,1,1,,,1,1,,,,,,,1,1,1,1,1,1,1,,,,1,,,,,,1,,,,0,0,1,1,0,0,0,0,0,0,1,1,1,1,1,1,1,0,0,0,1,0,0,0,0,0,1,0,0,0,3,,,1,,,,,2,"54",5,2,-1.0,-0.8,-0.8,-0.4,-0.9,-0.5,5
78,3,"realistic",,,2,2,2,2,1,2,4,1,1,2,4,1,2,2,1,4,,,,,,,,,,,0,0,0,0,0,0,0,0,0,0,1,1,1,1,1,1,,,,,,,1,1,1,1,,,,,,,1,1,1,,,,,,,,1,1,1,1,0,0,0,0,0,0,1,1,1,1,0,0,0,0,0,0,1,1,1,0,0,0,0,0,0,0,,,,,,,,,1,"27",3,1,-0.88,-0.86,-0.84,-0.94,-0.79,-0.86,5
79,,"symbolic",,,,4,6,3,3,5,4,1,1,4,3,1,1,3,3,2,,,,,,,,,,,0,0,0,0,0,0,0,0,0,0,1,1,,,,,,,,,,,,,,,,,,,,1,1,1,1,1,1,1,1,1,1,1,0,0,0,0,0,0,0,0,0,0,0,0,0,0,0,0,0,0,0,1,1,1,1,1,1,1,1,1,1,1,2,,1,,,,,,3,"26",4,1,-0.64,-0.88,-0.87,-1.0,-1.0,-1.0,5
80,,"symbolic",,,,7,7,3,5,5,2,2,6,6,2,1,4,6,6,2,"201","142","82","92","165","137","45","231",,,1,1,1,1,1,1,1,1,0,0,1,1,1,1,1,1,,,,,,,1,1,1,1,,,,,,,1,1,,1,,,,,,,1,1,1,1,0,0,0,0,0,0,1,1,1,1,0,0,0,0,0,0,1,1,0,1,0,0,0,0,0,0,1,1,,,,,,,1,"72",5,7,-1.0,-1.0,-1.0,-0.64,-1.0,-1.0,5
81,3,"realistic",,,1,1,1,1,1,1,7,1,1,1,7,1,1,1,1,6,"69",,,,,,,,,,1,0,0,0,0,0,0,0,0,0,1,1,1,1,1,,1,1,1,,1,,1,,,1,,,,1,,1,,,,,,,,,,,1,1,1,0,1,1,1,0,1,0,1,0,0,1,0,0,0,1,0,1,0,0,0,0,0,0,0,0,0,0,,,,,,,,,2,"30",5,2,0.0,0.0,0.0,0.0,0.0,-1.0,5
82,,"symbolic",,,,6,6,2,2,2,4,2,2,4,4,1,2,2,2,4,,,,,,,,,,,0,0,0,0,0,0,0,0,0,0,1,1,1,1,1,1,1,1,1,1,1,1,,,,,,,,1,,,,,,,,,,,,,1,1,1,1,1,1,1,1,1,1,0,0,0,0,0,0,0,1,0,0,0,0,0,0,0,0,0,0,0,0,1,1,,,,,,,2,"52",4,1,0.0,-0.95,-0.82,-0.76,-0.9,-0.92,5
83,2,"realistic",,1,,4,2,5,1,1,4,1,1,1,4,1,1,1,1,5,,,,,,,,,,,0,0,0,0,0,0,0,0,0,0,1,1,,,,,1,,,,,,,1,1,,1,,,1,1,1,1,,,1,,1,,1,,,0,0,0,0,1,0,0,0,0,0,0,1,1,0,1,0,0,1,1,1,1,0,0,1,0,1,0,1,0,0,,,,,,,,,1,"29",4,1,1.0,1.0,1.0,1.0,1.0,1.0,5
84,3,"realistic",,,2,1,1,1,1,1,6,1,1,1,4,1,1,1,1,4,,,,,,,,,,,0,0,0,0,0,0,0,0,0,0,1,1,1,1,1,1,1,1,1,1,1,1,,,,,1,,,,,,,,,,,,,,,,1,1,1,1,1,1,1,1,1,1,0,0,0,0,1,0,0,0,0,0,0,0,0,0,0,0,0,0,0,0,,,,,,,,,1,"67",4,7,-0.96,-0.97,-0.99,-0.99,-0.99,-1.0,5
85,,"symbolic",,,,7,1,5,5,5,3,1,5,5,1,1,4,4,4,1,,,,,,,,,,,0,0,0,0,0,0,0,0,0,0,1,1,,,,,,,,,,,,,,,,,,,,1,1,1,1,1,1,1,1,1,1,1,0,0,0,0,0,0,0,0,0,0,0,0,0,0,0,0,0,0,0,1,1,1,1,1,1,1,1,1,1,1,1,1,,,,,,,1,"37",5,1,-1.0,-1.0,-1.0,-1.0,-1.0,-1.0,5
86,1,"realistic",1,,,1,1,1,1,1,5,1,1,1,4,1,1,1,1,6,,,,,,,,,,,0,0,0,0,0,0,0,0,0,0,1,1,1,1,1,1,1,1,1,1,1,1,,1,,,,,,,,,,,,,,,,,,,1,1,1,1,1,1,1,1,1,1,0,1,0,0,0,0,0,0,0,0,0,0,0,0,0,0,0,0,0,0,,,,,,,,,2,"53",3,1,-0.45,1.0,0.85,1.0,0.9,0.85,5
87,,"symbolic",,,,6,5,5,2,2,3,1,5,2,4,1,3,2,1,3,"239",,,,,,,,,,1,0,0,0,0,0,0,0,0,0,1,1,,,,,,,,,,,,,,,,1,,,,,1,1,1,1,1,1,1,1,1,1,0,0,0,0,0,0,0,0,0,0,0,0,0,0,0,1,0,0,0,0,1,1,1,1,1,1,1,1,1,1,2,,1,,,,,,2,"66",3,7,0.5,-0.6,-0.6,-0.85,-0.26,-0.8,5
88,,"control",,,,2,2,1,1,1,4,1,1,1,4,1,1,1,1,4,,,,,,,,,,,0,0,0,0,0,0,0,0,0,0,1,1,1,1,1,1,1,1,,1,1,,,1,,1,,,,1,,,,,,,,,,,,,1,1,1,1,1,1,0,1,1,0,0,1,0,1,0,0,0,1,0,0,0,0,0,0,0,0,0,0,0,0,,,,,3,,,1,2,"28",4,7,0.75,0.0,0.5,0.5,0.5,-0.2,5
89,2,"realistic",,1,,3,2,1,1,1,4,1,1,1,4,1,1,1,1,5,"229","51",,,,,,,,,1,1,0,0,0,0,0,0,0,0,1,1,,,,,,,,,,,,,,,,,,,,1,1,1,1,1,1,1,1,1,1,1,0,0,0,0,0,0,0,0,0,0,0,0,0,0,0,0,0,0,0,1,1,1,1,1,1,1,1,1,1,1,,,,,,,,,1,"40",4,1,0.11,0.51,0.69,1.0,0.28,1.0,5
90,,"control",,,,2,2,2,2,2,2,2,2,2,3,1,4,2,2,2,,,,,,,,,,,0,0,0,0,0,0,0,0,0,0,2,1,1,1,1,1,1,1,1,1,1,1,1,,,,,,,,,,,,,,,,,,,,1,1,1,1,1,1,1,1,1,1,1,0,0,0,0,0,0,0,0,0,0,0,0,0,0,0,0,0,0,0,,,,,3,,,1,2,"31",3,1,0.36,-0.98,-0.89,-0.72,-0.76,-0.74,5
91,,"symbolic",,,,6,5,1,2,2,2,1,3,5,3,1,1,3,4,2,"161",,,,,,,,,,1,0,0,0,0,0,0,0,0,0,1,1,1,1,1,1,1,1,,,,,1,1,1,,,,,,,,1,1,,,,,,,,,1,1,1,1,1,1,0,0,0,0,1,1,1,0,0,0,0,0,0,0,1,1,0,0,0,0,0,0,0,0,3,,,1,,,,,1,"19",3,10,-0.95,-0.24,-0.43,-0.13,-0.61,-0.16,5
92,,"control",,,,1,1,1,1,1,6,1,1,1,6,1,1,1,1,6,,,,,,,,,,,0,0,0,0,0,0,0,0,0,0,1,1,1,1,1,1,1,1,1,1,1,1,1,,,,,,,,,,,,,,,,,,,,1,1,1,1,1,1,1,1,1,1,1,0,0,0,0,0,0,0,0,0,0,0,0,0,0,0,0,0,0,0,,,,,1,2,,,2,"38",5,2,0.8,-0.9,-0.9,-0.75,-0.9,-0.9,5
93,,"symbolic",,,,4,4,2,2,2,4,2,2,3,4,1,2,3,2,4,,,,,,,,,,,0,0,0,0,0,0,0,0,0,0,1,1,1,1,1,1,1,1,1,1,1,1,,,,,,,,,,1,,,,,,,,,,,1,1,1,1,1,1,1,1,1,1,0,0,0,0,0,0,0,0,0,1,0,0,0,0,0,0,0,0,0,0,3,,,1,,,,,1,"36",4,1,0.0,-0.1,-0.08,-0.22,-0.19,-0.48,5
94,,"control",,,,2,1,1,1,1,5,1,1,1,5,1,1,1,1,1,,,,,,,,,,,0,0,0,0,0,0,0,0,0,0,1,1,,,,,,,,,,,1,1,1,1,1,1,1,1,1,1,,,,,,,,,,1,0,0,0,0,0,0,0,0,0,0,1,1,1,1,1,1,1,1,1,1,0,0,0,0,0,0,0,0,0,1,,,,,1,2,,,2,"38",4,1,-0.97,0.0,-0.77,0.51,0.0,0.0,5
95,,"symbolic",,,,7,7,3,6,7,1,4,5,5,1,1,5,3,5,1,,,,,,,,,,,0,0,0,0,0,0,0,0,0,0,1,1,,,,1,1,,,1,,,,,1,,1,1,,1,,1,,,,1,1,,,,,1,0,0,0,1,1,0,0,1,0,0,0,0,1,0,1,1,0,1,0,1,0,0,0,1,1,0,0,0,0,1,1,1,,,,,,,2,"32",4,4,-1.0,-1.0,-1.0,-1.0,-1.0,-1.0,5
96,,"symbolic",,,,4,3,2,1,1,4,1,1,3,2,1,1,1,1,3,,,,,,,,,,,0,0,0,0,0,0,0,0,0,0,1,1,,,1,,,,,1,,,1,1,1,1,1,1,1,1,,,,,1,,,,,,,,0,0,1,0,0,0,0,1,0,0,1,1,1,1,1,1,1,1,0,0,0,0,1,0,0,0,0,0,0,0,2,,1,,,,,,1,"75",3,7,-1.0,-0.79,-0.8,-0.81,-0.72,-0.67,5
97,,"symbolic",,,,1,1,1,1,1,1,1,1,1,1,1,1,1,1,1,,,,,,,,,,,0,0,0,0,0,0,0,0,0,0,1,1,,,,,,,,,,,,,,,,,,,,1,1,1,1,1,1,1,1,1,1,1,0,0,0,0,0,0,0,0,0,0,0,0,0,0,0,0,0,0,0,1,1,1,1,1,1,1,1,1,1,1,3,,,1,,,,,2,"35",4,1,-1.0,0.0,0.0,0.0,0.0,0.0,5
98,,"symbolic",,,,7,7,6,5,7,1,4,7,5,1,1,5,7,6,1,"200","81","231","55",,,,,,,1,1,1,1,0,0,0,0,0,0,1,1,,,,,,,,,,,,,,,1,,,,,,1,1,1,1,1,1,1,1,1,1,0,0,0,0,0,0,0,0,0,0,0,0,0,0,1,0,0,0,0,0,1,1,1,1,1,1,1,1,1,1,3,,,1,,,,,2,"23",3,1,-1.0,-1.0,-1.0,-1.0,-1.0,-1.0,5
99,,"control",,,,4,3,1,2,2,2,1,1,3,3,1,1,4,2,3,"236","44","61","223","177","107","122","163","186","99",1,1,1,1,1,1,1,1,1,1,1,1,1,1,1,1,1,1,1,1,1,1,1,,,,,,,,,,,,,,,,,,,,1,1,1,1,1,1,1,1,1,1,1,0,0,0,0,0,0,0,0,0,0,0,0,0,0,0,0,0,0,0,,,,,1,1,,,2,"40",5,1,0.41,0.79,0.94,0.52,0.66,-0.3,5
100,3,"realistic",,,1,5,4,2,2,2,3,2,2,2,3,1,2,2,2,3,,,,,,,,,,,0,0,0,0,0,0,0,0,0,0,1,1,1,,,1,,,1,,,,,1,,,1,,,1,,1,,,1,,,1,,,1,1,1,0,0,1,0,0,1,0,0,0,0,1,0,0,1,0,0,1,0,1,0,0,1,0,0,1,0,0,1,1,,,,,,,,,2,"36",4,2,-1.0,-1.0,-1.0,-1.0,-1.0,-0.92,5
101,,"symbolic",,,,4,7,4,6,4,4,1,5,4,3,1,3,4,5,4,,,,,,,,,,,0,0,0,0,0,0,0,0,0,0,1,1,,,,,,,,,,,,,,,,,1,,,,1,1,1,1,1,1,1,1,1,1,0,0,0,0,0,0,0,0,0,0,0,0,0,0,0,0,1,0,0,0,1,1,1,1,1,1,1,1,1,1,3,,,1,,,,,1,"28",4,1,-1.0,-0.94,-1.0,-1.0,-1.0,-1.0,5
102,,"symbolic",,,,3,2,2,2,5,4,1,2,4,4,1,1,4,5,3,,,,,,,,,,,0,0,0,0,0,0,0,0,0,0,1,1,,,,,1,,,,1,,,1,,1,,1,,1,,1,,1,1,,,,1,,1,,0,0,0,0,1,0,0,0,1,0,0,1,0,1,0,1,0,1,0,1,0,1,1,0,0,0,1,0,1,0,2,,2,,,,,,1,"43",3,4,0.8,-0.45,-0.22,-0.55,-0.64,-0.26,5
103,2,"realistic",,1,,2,1,2,2,2,3,2,2,2,3,1,2,2,2,4,"141",,,,,,,,,,1,0,0,0,0,0,0,0,0,0,1,1,1,1,1,1,1,1,1,1,,1,,1,,1,,,,,,,,,,,,,,,,,1,1,1,1,1,1,1,1,0,1,0,1,0,1,0,0,0,0,0,0,0,0,0,0,0,0,0,0,0,0,,,,,,,,,1,"23",4,1,-0.59,-0.65,-0.84,-0.58,-0.76,-0.66,5
104,,"control",,,,2,1,1,1,1,5,1,1,1,4,1,1,1,1,5,,,,,,,,,,,0,0,0,0,0,0,0,0,0,0,1,1,1,1,1,1,1,1,1,1,1,1,1,,,,,,,,,,,,,,,,,,,,1,1,1,1,1,1,1,1,1,1,1,0,0,0,0,0,0,0,0,0,0,0,0,0,0,0,0,0,0,0,,,,,1,2,,,2,"39",5,1,-1.0,-1.0,-1.0,-1.0,-1.0,-0.74,5
105,,"control",,,,1,1,1,1,1,1,1,1,1,4,1,1,1,1,4,,,,,,,,,,,0,0,0,0,0,0,0,0,0,0,1,1,1,1,1,1,1,1,1,1,1,1,1,,,,,,,,,,,,,,,,,,,,1,1,1,1,1,1,1,1,1,1,1,0,0,0,0,0,0,0,0,0,0,0,0,0,0,0,0,0,0,0,,,,,2,,2,,1,"21",3,4,-1.0,-1.0,-1.0,-0.8,-1.0,-1.0,5
106,3,"realistic",,,1,1,1,1,1,1,7,1,1,1,6,1,1,1,1,6,,,,,,,,,,,0,0,0,0,0,0,0,0,0,0,1,1,1,,,,,1,,,1,1,,1,,,1,,1,,1,,,,1,1,,,,1,,,1,0,0,0,0,1,0,0,1,1,0,1,0,0,1,0,1,0,1,0,0,0,1,1,0,0,0,1,0,0,,,,,,,,,1,"32",5,1,-0.54,-0.62,-0.66,-0.64,-0.58,-0.58,5
107,1,"realistic",1,,,7,4,1,1,1,2,1,1,1,3,1,1,1,1,3,"113",,,,,,,,,,1,0,0,0,0,0,0,0,0,0,1,1,,,,,,,,,,,,,,,,,,,,1,1,1,1,1,1,1,1,1,1,1,0,0,0,0,0,0,0,0,0,0,0,0,0,0,0,0,0,0,0,1,1,1,1,1,1,1,1,1,1,1,,,,,,,,,1,"21",3,10,-0.98,-1.0,-1.0,-1.0,-1.0,-1.0,5
108,,"control",,,,5,4,1,1,1,6,1,1,1,7,1,1,1,1,7,"281",,,,,,,,,,1,0,0,0,0,0,0,0,0,0,1,1,,,,1,1,1,1,1,1,,,,,,1,1,,1,1,,,,,,1,,,,,,0,0,0,1,1,1,1,1,1,0,0,0,0,0,1,1,0,1,1,0,0,0,0,0,1,0,0,0,0,0,,,,,3,,,1,1,"20",3,4,0.11,1.0,-0.05,-0.05,-0.02,0.1,5
109,1,"realistic",2,,,1,1,2,2,2,2,4,4,3,3,1,3,3,3,4,"151","134","55","231","152","141","129","143","166","120",1,1,1,1,1,1,1,1,1,1,1,1,,,,,,,,,,,,,,,,,,,,1,1,1,1,1,1,1,1,1,1,1,0,0,0,0,0,0,0,0,0,0,0,0,0,0,0,0,0,0,0,1,1,1,1,1,1,1,1,1,1,1,,,,,,,,,2,"20",3,10,-0.89,-0.25,-0.21,-0.07,-0.27,-0.47,5
110,,"control",,,,1,2,2,1,2,6,2,1,2,5,1,2,1,1,5,"149","179","188","108","147","150",,,,,1,1,1,1,1,1,0,0,0,0,1,1,1,1,1,,1,1,1,1,1,1,,1,,1,,,,,,,,,,,,,,,,,1,1,1,0,1,1,1,1,1,1,0,1,0,1,0,0,0,0,0,0,0,0,0,0,0,0,0,0,0,0,,,,,1,2,,,2,"40",4,1,0.74,1.0,1.0,0.87,0.76,0.76,5
111,,"symbolic",,,,1,1,1,1,1,5,1,1,1,3,1,1,1,1,5,,,,,,,,,,,0,0,0,0,0,0,0,0,0,0,1,1,1,1,1,1,1,1,1,1,1,1,,,,,,,,,,1,,,,,,,,,,,1,1,1,1,1,1,1,1,1,1,0,0,0,0,0,0,0,0,0,1,0,0,0,0,0,0,0,0,0,0,2,,1,,,,,,2,"36",4,2,-1.0,-0.83,-0.99,-0.8,-0.77,-0.7,5
112,2,"realistic",,2,,2,1,2,1,2,5,1,1,1,5,1,1,1,1,5,,,,,,,,,,,0,0,0,0,0,0,0,0,0,0,1,1,,,,,,,,,,,1,1,1,1,1,1,1,1,,,,,,,,1,,,1,1,0,0,0,0,0,0,0,0,0,0,1,1,1,1,1,1,1,1,0,0,0,0,0,0,0,1,0,0,1,1,,,,,,,,,2,"24",5,11,0.72,0.63,0.0,1.0,-0.35,-0.21,5
113,3,"realistic",,,1,1,1,2,1,1,7,1,1,1,6,1,1,1,1,6,,,,,,,,,,,0,0,0,0,0,0,0,0,0,0,1,1,,,,,,,,,,,1,1,1,1,1,1,,,,,1,,,1,,,1,1,1,,0,0,0,0,0,0,0,0,0,0,1,1,1,1,1,1,0,0,0,0,1,0,0,1,0,0,1,1,1,0,,,,,,,,,2,"38",3,2,0.83,-0.88,-1.0,-1.0,-0.8,-1.0,5
114,3,"realistic",,,1,1,1,1,1,1,4,1,1,1,4,1,1,1,1,4,,,,,,,,,,,0,0,0,0,0,0,0,0,0,0,1,1,,,,1,,,1,,,,,,1,1,,1,,1,,,,,1,1,,1,1,1,,,0,0,0,1,0,0,1,0,0,0,0,0,1,1,0,1,0,1,0,0,0,0,1,1,0,1,1,1,0,0,,,,,,,,,2,"35",3,7,-1.0,-1.0,-1.0,-1.0,-1.0,-1.0,5
115,,"control",,,,3,1,1,1,1,5,1,1,1,5,1,1,1,1,7,,,,,,,,,,,0,0,0,0,0,0,0,0,0,0,1,1,,,1,1,,,,1,,1,,1,,,1,1,,1,1,,,,,,,,1,,1,,0,0,1,1,0,0,0,1,0,1,0,1,0,0,1,1,0,1,1,0,0,0,0,0,0,0,1,0,1,0,,,,,1,2,,,2,"37",4,4,-1.0,-1.0,-0.82,-1.0,-1.0,-1.0,5
116,3,"realistic",,,1,1,1,2,1,2,6,1,1,1,6,1,1,2,1,7,,,,,,,,,,,0,0,0,0,0,0,0,0,0,0,1,1,1,1,1,1,1,1,1,1,1,1,,1,,,,,,,,,,,,,,,,,,,1,1,1,1,1,1,1,1,1,1,0,1,0,0,0,0,0,0,0,0,0,0,0,0,0,0,0,0,0,0,,,,,,,,,2,"19",3,10,0.86,1.0,1.0,1.0,0.96,1.0,5
117,3,"realistic",,,1,2,2,1,1,1,4,2,1,1,4,1,1,1,1,4,,,,,,,,,,,0,0,0,0,0,0,0,0,0,0,1,1,,,,1,,1,1,,,1,,,,1,1,1,,,1,1,1,,,,,,,1,,,0,0,0,1,0,1,1,0,0,1,0,0,0,1,1,1,0,0,1,1,1,0,0,0,0,0,0,1,0,0,,,,,,,,,2,"53",3,4,-0.62,-0.09,-0.17,-0.2,-0.12,0.66,5
118,1,"realistic",1,,,6,6,5,4,4,3,1,3,2,4,1,3,4,3,4,,,,,,,,,,,0,0,0,0,0,0,0,0,0,0,1,1,,,,,,,,,,,,,,,,,,,,1,1,1,1,1,1,1,1,1,1,1,0,0,0,0,0,0,0,0,0,0,0,0,0,0,0,0,0,0,0,1,1,1,1,1,1,1,1,1,1,1,,,,,,,,,2,"32",5,2,0.15,-1.0,-1.0,-0.69,-1.0,-1.0,5
119,,"symbolic",,,,4,4,5,6,6,3,6,6,6,3,1,5,5,6,6,"133","152","139","149","182","170","152","164","145",,1,1,1,1,1,1,1,1,1,0,1,1,,,,,,,,,,,,,,,,,,,,1,1,1,1,1,1,1,1,1,1,1,0,0,0,0,0,0,0,0,0,0,0,0,0,0,0,0,0,0,0,1,1,1,1,1,1,1,1,1,1,1,1,1,,,,,,,1,"27",4,4,-1.0,-0.82,-0.96,-0.78,-0.8,-0.88,5
120,,"symbolic",,,,5,4,1,1,1,6,1,1,1,1,1,2,2,1,6,,,,,,,,,,,0,0,0,0,0,0,0,0,0,0,1,1,1,1,1,1,1,1,1,1,1,1,,,,1,,,,,,,,,,,,,,,,,1,1,1,1,1,1,1,1,1,1,0,0,0,1,0,0,0,0,0,0,0,0,0,0,0,0,0,0,0,0,1,1,,,,,,,1,"21",4,11,0.0,0.0,-0.19,0.28,-0.89,0.0,5
121,,"symbolic",,,,5,6,5,2,6,7,6,7,6,6,1,6,5,5,3,,,,,,,,,,,0,0,0,0,0,0,0,0,0,0,1,1,,,,,,,,,,,,,,,,,,,,1,1,1,1,1,1,1,1,1,1,1,0,0,0,0,0,0,0,0,0,0,0,0,0,0,0,0,0,0,0,1,1,1,1,1,1,1,1,1,1,1,2,,1,,,,,,1,"26",4,1,0.6,-0.62,-0.6,-0.57,-0.61,-0.83,5
122,3,"realistic",,,1,1,1,1,1,1,4,1,1,1,4,1,1,1,1,4,,,,,,,,,,,0,0,0,0,0,0,0,0,0,0,1,1,,,1,1,,,,,,,1,1,1,1,1,,1,,,,1,,,,1,,,,1,,0,0,1,1,0,0,0,0,0,0,1,1,1,1,1,0,1,0,0,0,1,0,0,0,1,0,0,0,1,0,,,,,,,,,2,"46",3,7,0.92,0.72,0.67,0.75,0.79,0.45,5
123,,"control",,,,3,1,2,1,1,4,1,1,1,5,1,1,1,1,5,,,,,,,,,,,0,0,0,0,0,0,0,0,0,0,1,1,,,,,,1,1,1,,1,,1,1,1,,,,1,1,,1,,,,1,,,,,,0,0,0,0,0,1,1,1,0,1,0,1,1,1,0,0,0,1,1,0,1,0,0,0,1,0,0,0,0,0,,,,,2,,1,,2,"26",4,1,0.14,-0.18,-0.51,-0.61,-0.59,-0.45,5
124,1,"realistic",2,,,2,1,2,1,1,4,1,1,1,4,1,1,1,1,7,,,,,,,,,,,0,0,0,0,0,0,0,0,0,0,1,1,,,,,,,,,,,,,,,,,,,,1,1,1,1,1,1,1,1,1,1,1,0,0,0,0,0,0,0,0,0,0,0,0,0,0,0,0,0,0,0,1,1,1,1,1,1,1,1,1,1,1,,,,,,,,,1,"64",5,7,-0.9,0.0,0.0,0.2,-0.2,-0.5,5
125,,"symbolic",,,,1,1,1,1,1,4,1,1,3,4,1,1,1,1,3,,,,,,,,,,,0,0,0,0,0,0,0,0,0,0,1,1,1,1,1,1,1,,,,,,1,1,1,1,1,,,,,,,,,1,,,,,,,1,1,1,1,1,0,0,0,0,0,1,1,1,1,1,0,0,0,0,0,0,0,0,1,0,0,0,0,0,0,2,,1,,,,,,1,"31",4,2,-1.0,0.28,0.09,0.51,0.52,0.01,5
126,,"symbolic",,,,3,1,1,3,3,3,1,3,2,4,1,1,2,2,3,,,,,,,,,,,0,0,0,0,0,0,0,0,0,0,1,1,1,,,,,,,,,,,1,1,1,1,1,1,,,,,1,1,1,1,,,,,,1,0,0,0,0,0,0,0,0,0,0,1,1,1,1,1,1,0,0,0,0,1,1,1,1,0,0,0,0,0,2,,1,,,,,,1,"29",2,2,-1.0,-0.31,-0.53,-0.43,-0.43,-0.78,5
127,,"control",,,,2,1,2,1,1,2,1,1,1,3,1,1,1,1,3,"72",,,,,,,,,,1,0,0,0,0,0,0,0,0,0,1,1,,,,1,,,,,,,,,1,,,1,1,,,,1,,1,1,,1,1,1,1,,0,0,0,1,0,0,0,0,0,0,0,0,1,0,0,1,1,0,0,0,1,0,1,1,0,1,1,1,1,0,,,,,3,,,1,2,"29",5,1,0.52,0.1,0.0,0.75,0.25,-0.5,5
128,2,"realistic",,1,,1,1,1,1,1,6,1,1,1,6,1,1,1,1,7,,,,,,,,,,,0,0,0,0,0,0,0,0,0,0,1,1,,,,,,,,,,,,,1,,,,,,1,1,,1,1,1,1,1,1,,1,1,0,0,0,0,0,0,0,0,0,0,0,0,1,0,0,0,0,0,1,1,0,1,1,1,1,1,1,0,1,1,,,,,,,,,2,"37",3,1,0.28,0.01,0.3,0.19,0.45,0.04,5
129,,"control",,,,3,3,2,2,2,4,1,2,2,4,1,2,2,2,4,,,,,,,,,,,0,0,0,0,0,0,0,0,0,0,1,1,,,,1,,,1,1,,,1,1,,1,1,1,1,1,1,,,,,,,,,,,,0,0,0,1,0,0,1,1,0,0,1,1,0,1,1,1,1,1,1,0,0,0,0,0,0,0,0,0,0,0,,,,,3,,,1,2,"21",3,7,-0.86,-0.41,-0.52,-0.51,-0.55,-0.89,5
130,1,"realistic",2,,,2,2,2,2,1,5,1,1,1,6,1,2,1,1,5,,,,,,,,,,,0,0,0,0,0,0,0,0,0,0,1,1,,,1,,,,,,,,,,1,1,,,,,1,,1,1,1,,1,,1,1,1,,0,0,1,0,0,0,0,0,0,0,0,0,1,1,0,0,0,0,1,0,1,1,1,0,1,0,1,1,1,0,,,,,,,,,2,"42",4,1,-1.0,0.43,0.3,0.63,0.63,0.41,5
131,,"control",,,,3,1,1,1,4,4,1,1,1,4,1,1,2,1,4,,,,,,,,,,,0,0,0,0,0,0,0,0,0,0,1,1,,1,1,1,1,,,1,1,,,1,,1,,,,1,,,1,,,,,,,,1,,0,1,1,1,1,0,0,1,1,0,0,1,0,1,0,0,0,1,0,0,1,0,0,0,0,0,0,0,1,0,,,,,1,2,,,1,"33",4,4,0.45,0.05,0.12,0.31,0.0,0.0,5
132,,"symbolic",,,,6,7,3,7,6,4,3,5,6,2,1,5,6,6,1,"148","143",,,,,,,,,1,1,0,0,0,0,0,0,0,0,1,1,,,,,,,,1,,,,,1,1,1,1,,,,1,1,1,1,,,,1,,1,,0,0,0,0,0,0,0,1,0,0,0,0,1,1,1,1,0,0,0,1,1,1,1,0,0,0,1,0,1,0,3,,,1,,,,,2,"33",4,1,-0.34,-0.43,-0.57,-0.27,-0.51,-0.68,5
133,,"symbolic",,,,3,5,3,2,2,5,1,1,1,2,1,1,1,2,2,,,,,,,,,,,0,0,0,0,0,0,0,0,0,0,1,1,1,1,,1,1,1,1,,1,1,,1,,1,,,,1,,,,,,,,,,,,,1,1,0,1,1,1,1,0,1,1,0,1,0,1,0,0,0,1,0,0,0,0,0,0,0,0,0,0,0,0,2,,1,,,,,,2,"24",3,10,-1.0,-1.0,-1.0,-1.0,-1.0,-1.0,5
134,1,"realistic",2,,,1,1,1,1,1,4,1,1,1,4,1,1,1,1,5,,,,,,,,,,,0,0,0,0,0,0,0,0,0,0,1,1,,,,,,,,,,,,,,,,,,,,1,1,1,1,1,1,1,1,1,1,1,0,0,0,0,0,0,0,0,0,0,0,0,0,0,0,0,0,0,0,1,1,1,1,1,1,1,1,1,1,1,,,,,,,,,1,"62",5,7,-0.75,0.75,0.8,0.9,0.6,0.9,5
135,,"symbolic",,,,7,7,1,4,4,5,1,4,4,2,1,3,4,4,5,"242",,,,,,,,,,1,0,0,0,0,0,0,0,0,0,1,1,,,,,,,,,,,,1,,1,,,1,1,1,,1,1,1,1,1,1,,,,,0,0,0,0,0,0,0,0,0,0,0,1,0,1,0,0,1,1,1,0,1,1,1,1,1,1,0,0,0,0,1,1,,,,,,,2,"38",4,1,1.0,0.56,1.0,1.0,1.0,1.0,5
136,,"control",,,,1,1,1,1,1,6,1,1,1,4,1,1,1,1,6,,,,,,,,,,,0,0,0,0,0,0,0,0,0,0,1,1,1,1,1,1,1,1,1,,,,1,1,1,1,,,,,,,,,,,,,,,,,1,1,1,1,1,1,1,0,0,0,1,1,1,1,0,0,0,0,0,0,0,0,0,0,0,0,0,0,0,0,,,,,1,1,,,2,"228",4,10,0.53,-0.53,-0.25,-0.36,-0.06,-0.44,5
137,3,"realistic",,,1,2,2,1,1,1,1,1,1,1,1,1,1,1,1,6,,,,,,,,,,,0,0,0,0,0,0,0,0,0,0,1,1,1,1,1,1,1,1,1,1,1,1,,,,1,,,,,,,,,,,,,,,,,1,1,1,1,1,1,1,1,1,1,0,0,0,1,0,0,0,0,0,0,0,0,0,0,0,0,0,0,0,0,,,,,,,,,2,"28",3,1,-1.0,-0.72,-1.0,-0.64,-0.79,-0.82,5
138,,"control",,,,3,1,1,1,1,6,1,1,1,4,1,1,1,1,4,,,,,,,,,,,0,0,0,0,0,0,0,0,0,0,1,1,1,1,1,1,1,1,1,,,,1,1,,1,,,,,,,,,,1,,,,,,,1,1,1,1,1,1,1,0,0,0,1,1,0,1,0,0,0,0,0,0,0,0,0,1,0,0,0,0,0,0,,,,,3,,,1,2,"51",4,1,-1.0,-0.18,-0.18,0.18,-0.2,0.15,5
139,,"symbolic",,,,2,2,1,1,1,5,1,1,2,3,1,1,1,1,5,,,,,,,,,,,0,0,0,0,0,0,0,0,0,0,1,1,1,1,1,1,1,1,1,,1,1,1,,,,,,,1,,,,,,,,,,,,,1,1,1,1,1,1,1,0,1,1,1,0,0,0,0,0,0,1,0,0,0,0,0,0,0,0,0,0,0,0,2,,1,,,,,,1,"46",5,2,0.77,0.05,-0.8,0.65,0.24,-0.41,5
140,2,"realistic",,1,,4,1,1,1,1,4,1,1,1,4,1,1,1,1,7,,,,,,,,,,,0,0,0,0,0,0,0,0,0,0,1,1,1,1,1,,,,,,,,,,1,1,1,1,1,,,,,,,,,,,1,1,1,1,1,1,0,0,0,0,0,0,0,0,0,1,1,1,1,1,0,0,0,0,0,0,0,0,0,0,1,1,1,,,,,,,,,2,"51",5,1,-1.0,-0.25,-0.22,-0.24,-0.37,-0.55,5
141,,"control",,,,3,2,2,2,1,5,1,1,1,5,1,1,1,1,6,,,,,,,,,,,0,0,0,0,0,0,0,0,0,0,1,1,,1,,1,,1,,1,,,1,,1,,1,,1,1,1,,,,,,,,,,,1,0,1,0,1,0,1,0,1,0,0,1,0,1,0,1,0,1,1,1,0,0,0,0,0,0,0,0,0,0,1,,,,,1,1,,,2,"19",3,10,-1.0,-1.0,-1.0,-1.0,-1.0,-0.46,5
142,,"control",,,,2,1,1,1,1,5,1,1,1,6,1,1,1,1,6,,,,,,,,,,,0,0,0,0,0,0,0,0,0,0,1,1,,,,,,,,,,,,,,,,,,,,1,1,1,1,1,1,1,1,1,1,1,0,0,0,0,0,0,0,0,0,0,0,0,0,0,0,0,0,0,0,1,1,1,1,1,1,1,1,1,1,1,,,,,1,2,,,2,"53",5,1,0.5,-0.3,-0.3,0.0,-0.4,0.0,5
143,3,"realistic",,,1,5,1,1,1,1,4,1,1,1,4,1,1,1,1,5,,,,,,,,,,,0,0,0,0,0,0,0,0,0,0,1,1,,,,,,,,,,,,,,,,,,,1,,1,1,1,1,1,1,1,1,1,1,0,0,0,0,0,0,0,0,0,0,0,0,0,0,0,0,0,0,1,0,1,1,1,1,1,1,1,1,1,1,,,,,,,,,2,"22",4,1,0.1,-1.0,-1.0,-1.0,-1.0,-1.0,5
144,3,"realistic",,,1,2,1,1,1,3,4,1,2,1,4,1,1,1,1,3,"142",,,,,,,,,,1,0,0,0,0,0,0,0,0,0,1,1,,,,,,,,,,,1,1,1,1,1,1,1,1,1,1,,,,,,,,,,1,0,0,0,0,0,0,0,0,0,0,1,1,1,1,1,1,1,1,1,1,0,0,0,0,0,0,0,0,0,1,,,,,,,,,2,"32",5,4,-1.0,-0.71,-0.84,-0.27,-0.74,-0.77,5
145,,"control",,,,1,1,2,1,3,5,1,4,1,4,1,2,2,1,5,,,,,,,,,,,0,0,0,0,0,0,0,0,0,0,1,1,1,1,1,1,1,,,,,,,,,,,1,1,1,,,,,,,,,,1,1,1,1,1,1,1,1,0,0,0,0,0,0,0,0,0,0,1,1,1,0,0,0,0,0,0,0,0,0,1,1,1,,,,,1,2,,,1,"41",4,1,0.44,-0.11,-0.27,0.33,-0.32,-0.47,5
146,,"symbolic",,,,2,2,2,4,5,4,2,5,4,3,1,3,3,3,4,,,,,,,,,,,0,0,0,0,0,0,0,0,0,0,1,1,,,,,,,,,,,,,,,,1,,,,,1,1,1,1,1,1,1,1,1,1,0,0,0,0,0,0,0,0,0,0,0,0,0,0,0,1,0,0,0,0,1,1,1,1,1,1,1,1,1,1,3,,,1,,,,,2,"45",4,1,-0.46,-0.69,-0.68,-0.36,-0.95,-0.7,5
147,,"control",,,,4,4,4,2,4,4,2,2,2,4,1,2,2,2,4,"161",,,,,,,,,,1,0,0,0,0,0,0,0,0,0,1,1,,,,,,,,,,,,,1,,,,,,,,1,1,1,1,1,1,1,1,1,1,0,0,0,0,0,0,0,0,0,0,0,0,1,0,0,0,0,0,0,0,1,1,1,1,1,1,1,1,1,1,,,,,2,,1,,2,"48",3,7,0.25,0.03,0.7,0.5,0.4,0.0,5
148,,"symbolic",,,,5,5,1,1,1,4,1,1,1,4,1,1,1,1,4,"242","232","221","251","230","234","247","223","275","268",1,1,1,1,1,1,1,1,1,1,1,1,1,,,,1,,,,1,,1,1,,1,,1,,1,,1,,,1,,,,1,,,,1,0,0,0,1,0,0,0,1,0,1,1,0,1,0,1,0,1,0,1,0,0,1,0,0,0,1,0,0,0,2,,1,,,,,,1,"24",4,1,-0.67,0.06,-0.12,0.12,-0.08,-0.53,5
149,2,"realistic",,2,,7,4,1,1,1,4,1,1,1,4,1,1,4,1,4,,,,,,,,,,,0,0,0,0,0,0,0,0,0,0,1,1,,,,,,,,,,,,,,,,,,,,1,1,1,1,1,1,1,1,1,1,1,0,0,0,0,0,0,0,0,0,0,0,0,0,0,0,0,0,0,0,1,1,1,1,1,1,1,1,1,1,1,,,,,,,,,1,"51",3,2,-1.0,-0.53,-1.0,-1.0,-0.84,-0.38,5
150,,"control",,,,4,5,1,4,5,4,1,5,4,1,1,2,4,5,3,,,,,,,,,,,0,0,0,0,0,0,0,0,0,0,1,1,1,,1,,,1,,,1,,,1,,1,1,,1,,1,,,,1,,,,,1,,,1,0,1,0,0,1,0,0,1,0,0,1,0,1,1,0,1,0,1,0,0,0,1,0,0,0,0,1,0,0,,,,,3,,,2,1,"31",4,1,0.1,-0.34,-0.39,-0.11,-0.76,-0.4,5
151,2,"realistic",,1,,4,1,1,1,1,4,1,1,1,4,1,1,1,1,5,,,,,,,,,,,0,0,0,0,0,0,0,0,0,0,1,1,,,,,,,,,,,1,,,,,,,,,,1,1,1,1,1,1,1,1,1,1,0,0,0,0,0,0,0,0,0,0,1,0,0,0,0,0,0,0,0,0,1,1,1,1,1,1,1,1,1,1,,,,,,,,,2,"65",4,2,1.0,0.2,0.2,0.2,-0.1,0.5,5
152,,"control",,,,5,5,1,1,2,2,1,2,1,4,1,1,1,1,4,"126","141","57","235","144","147","124","152","134","149",1,1,1,1,1,1,1,1,1,1,1,1,,,,,,,,,,,,,,1,,,,,,,1,1,1,1,1,1,1,1,1,1,0,0,0,0,0,0,0,0,0,0,0,0,0,1,0,0,0,0,0,0,1,1,1,1,1,1,1,1,1,1,,,,,2,,2,,1,"19",3,4,-0.86,-0.48,-0.4,-0.87,-0.39,-1.0,5
153,,"control",,,,1,1,1,1,1,7,1,1,1,7,1,1,1,1,7,,,,,,,,,,,0,0,0,0,0,0,0,0,0,0,1,1,1,1,1,1,1,1,1,1,1,1,,1,,,,,,,,,,,,,,,,,,,1,1,1,1,1,1,1,1,1,1,0,1,0,0,0,0,0,0,0,0,0,0,0,0,0,0,0,0,0,0,,,,,2,,1,,1,"67",5,7,-1.0,-0.76,-0.78,-0.68,-0.73,-0.76,5
154,,"control",,,,3,2,1,1,1,5,1,1,1,5,1,1,1,1,5,,,,,,,,,,,0,0,0,0,0,0,0,0,0,0,1,1,1,1,1,1,1,1,1,1,1,1,,1,,,,,,,,,,,,,,,,,,,1,1,1,1,1,1,1,1,1,1,0,1,0,0,0,0,0,0,0,0,0,0,0,0,0,0,0,0,0,0,,,,,3,,,2,2,"27",4,1,-1.0,-1.0,-1.0,-1.0,-1.0,-1.0,5
155,3,"realistic",,,2,1,1,1,1,4,4,1,1,1,4,1,1,1,1,1,,,,,,,,,,,0,0,0,0,0,0,0,0,0,0,1,1,1,,,1,,,1,,1,,,1,,,1,,,1,,1,,,1,,,1,,,1,,1,0,0,1,0,0,1,0,1,0,0,1,0,0,1,0,0,1,0,1,0,0,1,0,0,1,0,0,1,0,,,,,,,,,1,"41",4,1,-0.61,0.0,0.0,0.0,0.0,-0.13,5
156,,"symbolic",,,,3,5,2,3,3,4,2,2,2,4,1,2,2,2,2,"127","152","186","147","139","107","167","163","127","104",1,1,1,1,1,1,1,1,1,1,1,1,,,,,,,,,,,,,,,,1,,,,,1,1,1,1,1,1,1,1,1,1,0,0,0,0,0,0,0,0,0,0,0,0,0,0,0,1,0,0,0,0,1,1,1,1,1,1,1,1,1,1,1,1,,,,,,,2,"26",3,7,-0.88,-0.99,-1.0,-1.0,-0.99,-0.68,5
157,,"symbolic",,,,1,2,2,3,6,5,3,6,3,4,1,3,3,4,5,"176","151","229","46","112","186","100",,,,1,1,1,1,1,1,1,0,0,0,1,1,1,1,1,1,1,1,1,1,1,1,1,,,,,,,,,,,,,,,,,,,,1,1,1,1,1,1,1,1,1,1,1,0,0,0,0,0,0,0,0,0,0,0,0,0,0,0,0,0,0,0,2,,2,,,,,,1,"33",3,10,0.64,0.23,0.25,0.31,0.31,0.38,5
158,,"control",,,,1,1,2,2,2,4,2,2,2,4,1,2,2,2,4,,,,,,,,,,,0,0,0,0,0,0,0,0,0,0,1,1,,,1,1,1,1,,,1,,,,1,1,1,1,,,,,1,,,1,,,,,,,0,0,1,1,1,1,0,0,1,0,0,0,1,1,1,1,0,0,0,0,1,0,0,1,0,0,0,0,0,0,,,,,2,,1,,1,"28",4,1,1.0,0.82,0.71,0.81,0.79,0.72,5
159,1,"realistic",2,,,3,2,2,2,2,6,1,1,1,5,1,2,1,1,6,,,,,,,,,,,0,0,0,0,0,0,0,0,0,0,1,1,1,,1,,,,1,1,,1,,1,1,,,1,,,,1,,,,,1,,1,,,,1,0,1,0,0,0,1,1,0,1,0,1,1,0,0,1,0,0,0,1,0,0,0,0,1,0,1,0,0,0,,,,,,,,,1,"55",4,7,-1.0,-0.82,-0.86,-1.0,-0.82,-0.89,5
160,2,"realistic",,1,,1,1,1,1,1,7,1,1,1,7,1,1,1,1,7,,,,,,,,,,,0,0,0,0,0,0,0,0,0,0,1,1,1,1,1,1,1,1,1,1,1,1,,,,,,,,,,1,,,,,,,,,,,1,1,1,1,1,1,1,1,1,1,0,0,0,0,0,0,0,0,0,1,0,0,0,0,0,0,0,0,0,0,,,,,,,,,2,"19",3,10,-1.0,-0.64,-0.6,-0.73,-1.0,-1.0,5
161,3,"realistic",,,1,1,1,1,1,1,4,1,1,1,4,1,1,1,1,4,,,,,,,,,,,0,0,0,0,0,0,0,0,0,0,1,1,1,1,1,1,1,1,1,1,1,1,,,,,,,,,,1,,,,,,,,,,,1,1,1,1,1,1,1,1,1,1,0,0,0,0,0,0,0,0,0,1,0,0,0,0,0,0,0,0,0,0,,,,,,,,,2,"55",5,2,-0.98,-1.0,-1.0,-1.0,-1.0,-1.0,5
162,3,"realistic",,,1,3,1,2,1,1,5,1,2,1,6,1,2,1,1,5,,,,,,,,,,,0,0,0,0,0,0,0,0,0,0,1,1,,,,1,1,1,,,,,,1,1,1,1,1,,,,,1,,1,,1,,,,,,0,0,0,1,1,1,0,0,0,0,0,1,1,1,1,1,0,0,0,0,1,0,1,0,1,0,0,0,0,0,,,,,,,,,2,"32",5,1,0.23,-1.0,-1.0,-1.0,-1.0,-1.0,5
163,,"symbolic",,,,5,6,2,1,3,4,1,2,2,4,1,1,3,2,4,,,,,,,,,,,0,0,0,0,0,0,0,0,0,0,1,1,,,,,,,,,,,,,1,1,1,1,1,,1,1,1,1,,1,,,,1,,,0,0,0,0,0,0,0,0,0,0,0,0,1,1,1,1,1,0,1,1,1,1,0,1,0,0,0,1,0,0,3,,,1,,,,,1,"54",4,1,0.67,-0.8,-0.82,-0.72,-0.82,-0.69,5
164,,"symbolic",,,,7,7,3,4,4,4,4,4,3,4,4,5,4,4,4,,,,,,,,,,,0,0,0,0,0,0,0,0,0,0,1,1,,,,,,,,,,,,,,,,,1,,1,1,,,1,1,1,1,1,1,1,1,0,0,0,0,0,0,0,0,0,0,0,0,0,0,0,0,1,0,1,1,0,0,1,1,1,1,1,1,1,1,3,,,1,,,,,2,"27",3,1,-0.9,-0.78,-0.73,-0.69,-0.51,-0.68,5
165,,"control",,,,1,1,1,1,1,6,1,1,1,4,1,1,1,1,6,,,,,,,,,,,0,0,0,0,0,0,0,0,0,0,1,1,1,1,1,1,1,1,1,1,1,1,,,,,,,,,,1,,,,,,,,,,,1,1,1,1,1,1,1,1,1,1,0,0,0,0,0,0,0,0,0,1,0,0,0,0,0,0,0,0,0,0,,,,,1,2,,,2,"43",5,7,0.7,0.64,0.63,0.6,0.63,0.64,5
166,,"control",,,,2,1,1,1,2,6,1,1,1,6,1,1,2,1,6,,,,,,,,,,,0,0,0,0,0,0,0,0,0,0,1,1,1,1,1,1,1,1,1,1,1,1,,1,,,,,,,,,,,,,,,,,,,1,1,1,1,1,1,1,1,1,1,0,1,0,0,0,0,0,0,0,0,0,0,0,0,0,0,0,0,0,0,,,,,1,2,,,2,"26",5,1,-0.46,-0.8,-0.9,-0.95,-1.0,0.31,5
167,2,"realistic",,2,,2,1,1,2,1,7,1,2,1,6,1,1,1,2,6,"139","148","151","196","125","97","175","164","96","168",1,1,1,1,1,1,1,1,1,1,1,1,1,1,1,1,1,1,1,1,1,1,,,,,,,,,,1,,,,,,,,,,,1,1,1,1,1,1,1,1,1,1,0,0,0,0,0,0,0,0,0,1,0,0,0,0,0,0,0,0,0,0,,,,,,,,,2,"36",4,1,-1.0,1.0,1.0,1.0,1.0,1.0,5
168,3,"realistic",,,1,3,1,1,1,1,4,1,1,1,4,1,1,1,1,6,,,,,,,,,,,0,0,0,0,0,0,0,0,0,0,1,1,1,1,1,1,1,1,1,1,1,1,,,,,,,,,,,,,,,,1,,,,,1,1,1,1,1,1,1,1,1,1,0,0,0,0,0,0,0,0,0,0,0,0,0,0,0,1,0,0,0,0,,,,,,,,,1,"25",4,1,-0.32,-1.0,-1.0,-1.0,-1.0,-1.0,5
169,,"control",,,,1,1,1,1,1,7,1,1,1,4,1,1,1,1,7,,,,,,,,,,,0,0,0,0,0,0,0,0,0,0,1,1,1,1,1,1,1,1,1,1,1,1,,1,,,,,,,,,,,,,,,,,,,1,1,1,1,1,1,1,1,1,1,0,1,0,0,0,0,0,0,0,0,0,0,0,0,0,0,0,0,0,0,,,,,1,2,,,2,"60",4,2,0.93,1.0,1.0,1.0,1.0,1.0,5
170,,"symbolic",,,,6,4,3,2,2,5,2,2,1,3,1,2,2,3,2,,,,,,,,,,,0,0,0,0,0,0,0,0,0,0,1,1,,,,,,,,,,,,,,,,,,,,1,1,1,1,1,1,1,1,1,1,1,0,0,0,0,0,0,0,0,0,0,0,0,0,0,0,0,0,0,0,1,1,1,1,1,1,1,1,1,1,1,3,,,1,,,,,2,"31",4,1,0.33,0.35,0.16,0.77,-0.18,0.97,5
171,,"symbolic",,,,4,4,4,5,4,4,2,4,4,3,1,3,3,3,4,"192","145","114","161","139","95","44","243","113","174",1,1,1,1,1,1,1,1,1,1,1,1,1,1,1,1,1,1,1,1,1,1,,,,,,,,,,1,,,,,,,,,,,1,1,1,1,1,1,1,1,1,1,0,0,0,0,0,0,0,0,0,1,0,0,0,0,0,0,0,0,0,0,3,,,1,,,,,2,"34",5,1,0.12,0.0,0.01,0.02,0.03,-0.02,5
172,,"symbolic",,,,4,3,2,2,3,4,1,1,2,4,1,1,2,2,5,,,,,,,,,,,0,0,0,0,0,0,0,0,0,0,1,1,1,1,1,1,1,1,,1,1,1,,1,,,,,,,1,,,,,,,,,,,,1,1,1,1,1,1,0,1,1,1,0,1,0,0,0,0,0,0,1,0,0,0,0,0,0,0,0,0,0,0,2,,1,,,,,,2,"34",3,1,-0.51,-0.02,-0.26,0.85,-0.33,-0.72,5
173,1,"realistic",1,,,2,1,2,2,1,6,1,1,1,6,1,2,2,1,6,,,,,,,,,,,0,0,0,0,0,0,0,0,0,0,1,1,1,1,1,1,1,1,1,1,1,1,1,,,,,,,,,,,,,,,,,,,,1,1,1,1,1,1,1,1,1,1,1,0,0,0,0,0,0,0,0,0,0,0,0,0,0,0,0,0,0,0,,,,,,,,,2,"30",4,4,1.0,0.71,0.71,0.77,0.86,0.4,5
174,,"control",,,,1,1,1,1,1,4,1,1,1,4,1,1,1,1,4,,,,,,,,,,,0,0,0,0,0,0,0,0,0,0,1,1,1,1,1,1,1,1,1,1,1,1,1,,,,,,,,,,,,,,,,,,,,1,1,1,1,1,1,1,1,1,1,1,0,0,0,0,0,0,0,0,0,0,0,0,0,0,0,0,0,0,0,,,,,2,,2,,2,"32",5,1,-0.76,0.01,-0.04,0.06,-0.12,-0.14,5
175,2,"realistic",,2,,1,1,1,1,1,1,1,1,1,4,1,1,1,1,1,,,,,,,,,,,0,0,0,0,0,0,0,0,0,0,1,1,1,1,,,,1,,,1,,,,1,1,,,1,,1,1,,1,,,,,,,,1,1,1,0,0,0,1,0,0,1,0,0,0,1,1,0,0,1,0,1,1,0,1,0,0,0,0,0,0,0,1,,,,,,,,,2,"18",3,2,0.51,0.0,-0.43,0.0,0.0,0.0,5
176,,"control",,,,1,1,1,1,1,6,1,1,1,6,1,1,1,1,6,,,,,,,,,,,0,0,0,0,0,0,0,0,0,0,1,1,1,1,1,,1,1,,,1,,,1,,1,,,,1,,,1,,,,,,,,,1,1,1,1,0,1,1,0,0,1,0,0,1,0,1,0,0,0,1,0,0,1,0,0,0,0,0,0,0,0,1,,,,,1,1,,,1,"30",3,11,-1.0,-0.03,-0.22,0.2,-0.65,-0.46,5
177,,"control",,,,2,2,2,1,1,4,1,1,1,4,1,1,1,1,4,,,,,,,,,,,0,0,0,0,0,0,0,0,0,0,1,1,1,1,1,1,1,1,1,1,1,1,,,,,,,,,,1,,,,,,,,,,,1,1,1,1,1,1,1,1,1,1,0,0,0,0,0,0,0,0,0,1,0,0,0,0,0,0,0,0,0,0,,,,,2,,2,,2,"43",5,1,-0.5,-0.21,-0.5,-0.38,-0.57,0.37,5
178,,"symbolic",,,,6,6,3,1,1,3,1,1,1,4,1,1,1,1,3,"208",,,,,,,,,,1,0,0,0,0,0,0,0,0,0,1,1,,,,,,,,1,,,,,,,1,1,1,1,1,1,,,,,1,1,,1,1,,0,0,0,0,0,0,0,1,0,0,0,0,0,0,1,1,1,1,1,1,0,0,0,0,1,1,0,1,1,0,2,,1,,,,,,2,"40",4,1,-0.97,-0.99,-1.0,-1.0,-0.95,-0.95,5
179,,"control",,,,5,5,2,2,2,6,1,1,1,5,1,1,1,1,6,"232","57",,,,,,,,,1,1,0,0,0,0,0,0,0,0,1,1,1,1,1,,,1,1,1,,1,1,,,1,1,,,,1,,,,,,,,,,,,1,1,1,0,0,1,1,1,0,1,1,0,0,1,1,0,0,0,1,0,0,0,0,0,0,0,0,0,0,0,,,,,1,2,,,1,"31",4,10,0.52,-0.45,-0.42,-0.36,-0.37,-0.4,5
180,,"control",,,,2,1,2,2,2,5,1,1,1,5,1,1,1,1,5,,,,,,,,,,,0,0,0,0,0,0,0,0,0,0,1,1,1,1,1,1,1,1,1,1,1,1,,,,,,,,,,1,,,,,,,,,,,1,1,1,1,1,1,1,1,1,1,0,0,0,0,0,0,0,0,0,1,0,0,0,0,0,0,0,0,0,0,,,,,2,,2,,1,"21",3,2,0.76,0.13,0.11,1.0,0.36,0.26,5
181,,"control",,,,2,2,1,1,2,4,1,2,1,4,1,1,1,1,4,,,,,,,,,,,0,0,0,0,0,0,0,0,0,0,1,1,,,1,,,,,,,,,1,1,1,1,1,1,1,1,,,,,1,,,,,1,,0,0,1,0,0,0,0,0,0,0,0,1,1,1,1,1,1,1,1,0,0,0,0,1,0,0,0,0,1,0,,,,,3,,,2,2,"50",4,1,-0.87,-1.0,-1.0,-1.0,-1.0,-1.0,5
182,3,"realistic",,,1,3,3,5,4,4,4,2,4,4,4,1,5,4,4,4,,,,,,,,,,,0,0,0,0,0,0,0,0,0,0,2,1,1,1,1,1,1,,,,1,,1,,,1,1,,,,,,,,,,,,,,1,1,1,1,1,1,1,0,0,0,1,0,1,0,0,1,1,0,0,0,0,0,0,0,0,0,0,0,0,0,1,1,,,,,,,,,2,"34",2,4,-1.0,-1.0,-1.0,-0.9,-0.92,-0.65,5
183,3,"realistic",,,1,4,4,4,3,3,3,4,3,3,3,1,3,4,3,3,"134","87","153","45","239","116","160","98","171","174",1,1,1,1,1,1,1,1,1,1,1,1,1,1,1,1,1,1,1,1,1,1,1,,,,,,,,,,,,,,,,,,,,1,1,1,1,1,1,1,1,1,1,1,0,0,0,0,0,0,0,0,0,0,0,0,0,0,0,0,0,0,0,,,,,,,,,2,"32",5,1,0.0,0.1,0.1,0.03,-0.04,0.06,5
184,,"control",,,,5,4,2,1,2,4,1,1,1,4,1,1,1,1,5,"140",,,,,,,,,,1,0,0,0,0,0,0,0,0,0,1,1,,,1,,,,,,,,,,1,,,1,,,1,1,,1,1,1,1,,1,1,,,0,0,1,0,0,0,0,0,0,0,0,0,1,0,0,1,0,0,1,1,0,1,1,1,1,0,1,1,0,0,,,,,1,2,,,1,"59",3,2,-0.95,-0.7,-0.7,-0.3,-0.2,-0.4,5
185,1,"realistic",1,,,1,1,1,1,1,4,1,1,1,4,1,1,1,1,4,,,,,,,,,,,0,0,0,0,0,0,0,0,0,0,1,1,,,1,,1,,1,1,,1,1,,,,,1,,,,,,,,1,,,1,1,1,,0,0,1,0,1,0,1,1,0,1,1,0,0,0,0,1,0,0,0,0,0,0,0,1,0,0,1,1,1,0,,,,,,,,,2,"27",4,1,0.5,-1.0,-1.0,-1.0,-1.0,-1.0,5
186,,"symbolic",,,,7,7,2,4,4,3,2,5,5,2,1,4,5,5,3,"214",,,,,,,,,,1,0,0,0,0,0,0,0,0,0,1,1,,,,,,,,,,,,,,,,,,,1,,1,1,1,1,1,1,1,1,1,1,0,0,0,0,0,0,0,0,0,0,0,0,0,0,0,0,0,0,1,0,1,1,1,1,1,1,1,1,1,1,3,,,1,,,,,1,"38",4,1,-1.0,-1.0,-1.0,-1.0,-1.0,-1.0,5
187,,"symbolic",,,,1,1,1,1,1,4,1,1,1,4,1,1,1,1,4,,,,,,,,,,,0,0,0,0,0,0,0,0,0,0,1,1,,,1,,,1,,,,,,1,1,,1,,,1,,1,1,,,,1,,1,,,1,0,0,1,0,0,1,0,0,0,0,0,1,1,0,1,0,0,1,0,1,1,0,0,0,1,0,1,0,0,1,2,,1,,,,,,2,"56",3,1,0.75,0.0,0.0,0.24,-0.15,0.0,5
188,,"control",,,,2,3,2,2,2,4,2,2,2,4,1,2,2,2,4,"171","136","162","101","142","146","173","133","79","190",1,1,1,1,1,1,1,1,1,1,1,1,,,,1,1,1,,,1,,,,1,,1,,,1,,,,1,1,,1,1,,,,,0,0,0,1,1,1,0,0,1,0,0,0,1,0,1,0,0,1,0,0,0,1,1,0,1,1,0,0,0,0,,,,,3,,,1,1,"24",3,4,-1.0,-1.0,-1.0,-1.0,-1.0,-1.0,5
189,,"symbolic",,,,6,5,1,1,2,3,1,2,2,3,1,1,2,1,4,,,,,,,,,,,0,0,0,0,0,0,0,0,0,0,1,1,,,,,,,,,,,,,,,,,,,,1,1,1,1,1,1,1,1,1,1,1,0,0,0,0,0,0,0,0,0,0,0,0,0,0,0,0,0,0,0,1,1,1,1,1,1,1,1,1,1,1,2,,1,,,,,,2,"29",4,1,0.31,0.06,0.09,0.09,0.11,0.1,5
190,,"symbolic",,,,3,5,3,5,6,1,1,3,5,2,1,3,3,5,3,,,,,,,,,,,0,0,0,0,0,0,0,0,0,0,1,1,,,1,,,,,,1,,,,1,,,1,1,1,,1,1,1,,,1,,,,,1,0,0,1,0,0,0,0,0,1,0,0,0,1,0,0,1,1,1,0,1,1,1,0,0,1,0,0,0,0,1,3,,,1,,,,,2,"19",3,10,-0.86,-0.57,-0.81,-0.52,-0.45,-0.59,5
191,,"control",,,,3,2,1,1,1,6,1,1,1,4,1,2,2,2,5,,,,,,,,,,,0,0,0,0,0,0,0,0,0,0,1,1,1,1,1,1,,,,,,,1,1,1,1,,,,,,,1,1,1,,,,,,,,1,1,1,1,0,0,0,0,0,0,1,1,1,1,0,0,0,0,0,0,1,1,1,0,0,0,0,0,0,0,,,,,2,,1,,1,"51",5,1,-1.0,0.15,0.16,-0.15,0.26,0.66,5
192,2,"realistic",,2,,7,6,5,3,3,3,3,3,3,3,1,2,5,3,3,"117","174","124","212","210","177","215","60","62","68",1,1,1,1,1,1,1,1,1,1,1,1,,,,,1,,,,,,,,1,1,1,1,,1,1,,,1,1,,,1,1,,,,0,0,0,0,1,0,0,0,0,0,0,0,1,1,1,1,0,1,1,0,0,1,1,0,0,1,1,0,0,0,,,,,,,,,1,"23",4,11,0.71,-0.93,-0.84,-0.52,-0.7,-0.65,5
193,,"symbolic",,,,1,1,1,1,2,4,1,1,2,4,1,1,1,1,2,,,,,,,,,,,0,0,0,0,0,0,0,0,0,0,1,1,1,1,1,1,1,1,1,1,1,1,1,,,,,,,,,,,,,,,,,,,,1,1,1,1,1,1,1,1,1,1,1,0,0,0,0,0,0,0,0,0,0,0,0,0,0,0,0,0,0,0,2,,1,,,,,,1,"34",4,1,-1.0,-0.75,-0.75,-0.25,-1.0,-0.5,5
194,,"control",,,,1,1,1,1,1,7,1,1,1,7,1,1,1,1,7,,,,,,,,,,,0,0,0,0,0,0,0,0,0,0,1,1,1,1,1,1,1,1,1,1,1,1,,,,,,,,,,1,,,,,,,,,,,1,1,1,1,1,1,1,1,1,1,0,0,0,0,0,0,0,0,0,1,0,0,0,0,0,0,0,0,0,0,,,,,1,1,,,2,"31",3,1,1.0,-1.0,-0.86,-1.0,-1.0,-1.0,5
195,,"control",,,,1,1,1,1,1,5,1,1,1,4,1,1,1,1,6,,,,,,,,,,,0,0,0,0,0,0,0,0,0,0,1,1,,,,1,,,1,,,,,1,,1,,,1,1,1,,1,,,1,,,1,1,,,0,0,0,1,0,0,1,0,0,0,0,1,0,1,0,0,1,1,1,0,1,0,0,1,0,0,1,1,0,0,,,,,3,,,2,2,"25",3,1,-0.85,-0.82,-1.0,-0.82,-0.86,-1.0,5
196,,"control",,,,5,2,3,2,2,4,1,2,2,4,1,2,2,1,4,"215",,,,,,,,,,1,0,0,0,0,0,0,0,0,0,1,1,1,1,1,1,1,1,1,1,1,1,,,,,,,,1,,,,,,,,,,,,,1,1,1,1,1,1,1,1,1,1,0,0,0,0,0,0,0,1,0,0,0,0,0,0,0,0,0,0,0,0,,,,,1,2,,,2,"20",3,10,-0.5,-1.0,-1.0,-0.85,-1.0,-1.0,5
197,,"symbolic",,,,6,6,2,2,2,4,2,2,2,4,1,1,1,1,3,,,,,,,,,,,0,0,0,0,0,0,0,0,0,0,1,1,1,1,1,1,1,1,1,1,1,1,,,,,,,,,,1,,,,,,,,,,,1,1,1,1,1,1,1,1,1,1,0,0,0,0,0,0,0,0,0,1,0,0,0,0,0,0,0,0,0,0,2,,1,,,,,,2,"64",4,4,0.51,0.0,0.05,0.31,0.0,0.39,5
198,,"control",,,,1,1,1,1,1,4,1,1,1,4,1,4,1,1,4,,,,,,,,,,,0,0,0,0,0,0,0,0,0,0,1,1,,,,1,1,,1,,,,,1,1,,1,,,,,1,1,,,1,,1,1,,,,0,0,0,1,1,0,1,0,0,0,0,1,1,0,1,0,0,0,0,1,1,0,0,1,0,1,1,0,0,0,,,,,3,,,1,2,"44",3,2,-0.71,-1.0,0.0,-1.0,-1.0,-1.0,5
199,2,"realistic",,2,,2,2,1,1,1,4,1,1,1,4,1,1,1,1,5,"142","165",,,,,,,,,1,1,0,0,0,0,0,0,0,0,1,1,1,1,1,,1,1,1,1,1,1,,1,,,,,,,,,,,,,,,,,,1,1,1,1,0,1,1,1,1,1,1,0,1,0,0,0,0,0,0,0,0,0,0,0,0,0,0,0,0,0,1,,,,,,,,,1,"66",4,2,-0.52,-0.77,-0.61,-0.51,-0.8,-0.71,5
200,,"symbolic",,,,5,6,3,4,5,4,2,5,5,3,1,4,5,6,2,"137","164","150","139","126","154","142","128","138","154",1,1,1,1,1,1,1,1,1,1,1,1,1,1,,,,1,,,1,,,,,1,,,,1,,1,,,,1,,,1,1,1,,1,1,0,0,0,1,0,0,1,0,0,0,0,1,0,0,0,1,0,1,0,0,0,1,0,0,1,1,1,0,3,,,1,,,,,1,"40",5,2,-0.75,-0.99,-0.99,-0.99,-0.99,-0.99,5
201,,"symbolic",,,,3,3,2,3,3,4,3,4,3,4,1,4,4,3,4,"159","128","143","175","114",,,,,,1,1,1,1,1,0,0,0,0,0,1,1,,,1,,1,1,,,,,1,1,,1,1,,1,1,,1,,,,,,,,,1,,0,0,1,0,1,1,0,0,0,0,1,1,0,1,1,0,1,1,0,1,0,0,0,0,0,0,0,0,1,0,1,1,,,,,,,1,"46",5,1,0.68,0.68,0.45,0.8,0.69,0.54,5
202,,"symbolic",,,,1,3,1,1,1,4,1,4,4,4,1,1,1,1,5,"118","166","141","56","232","109","178","111","141","142",1,1,1,1,1,1,1,1,1,1,1,1,,,,1,,1,,1,,1,,,,1,,,,,1,1,,,1,,1,,,1,1,,0,0,0,1,0,1,0,1,0,1,0,0,0,1,0,0,0,0,1,1,0,0,1,0,1,0,0,1,1,0,1,1,,,,,,,1,"32",3,2,0.35,0.01,-0.4,0.1,-0.2,-1.0,5
203,2,"realistic",,1,,5,1,1,1,1,4,1,1,1,4,1,1,1,1,4,,,,,,,,,,,0,0,0,0,0,0,0,0,0,0,1,1,1,1,1,1,1,1,1,1,1,1,1,,,,,,,,,,,,,,,,,,,,1,1,1,1,1,1,1,1,1,1,1,0,0,0,0,0,0,0,0,0,0,0,0,0,0,0,0,0,0,0,,,,,,,,,2,"26",4,1,-0.64,0.0,0.0,0.0,0.0,0.0,5
204,2,"realistic",,2,,6,5,5,3,4,4,3,5,3,4,1,5,3,5,4,,,,,,,,,,,0,0,0,0,0,0,0,0,0,0,1,1,1,1,1,,,1,,,1,1,,,,1,1,,1,1,,,,,,,,,,1,,,1,1,1,0,0,1,0,0,1,1,0,0,0,1,1,0,1,1,0,0,0,0,0,0,0,0,0,1,0,0,,,,,,,,,1,"1988",4,1,0.24,0.36,0.23,0.29,-0.21,0.22,5
205,,"symbolic",,,,7,7,3,1,3,3,1,1,1,3,1,1,1,1,2,"168","144",,,,,,,,,1,1,0,0,0,0,0,0,0,0,1,1,,,,,,,,,,,,,,,,,1,,,,1,1,1,1,1,1,1,1,1,1,0,0,0,0,0,0,0,0,0,0,0,0,0,0,0,0,1,0,0,0,1,1,1,1,1,1,1,1,1,1,2,,1,,,,,,2,"50",5,1,0.29,-0.04,-0.38,-0.54,-0.79,-0.87,5
206,,"symbolic",,,,3,6,6,4,5,4,4,5,5,4,1,4,4,5,1,,,,,,,,,,,0,0,0,0,0,0,0,0,0,0,1,1,,,1,,,,,,1,,1,,1,1,1,,,1,,1,1,,1,1,,,,,,,0,0,1,0,0,0,0,0,1,0,1,0,1,1,1,0,0,1,0,1,1,0,1,1,0,0,0,0,0,0,1,1,,,,,,,2,"34",3,1,-1.0,-0.85,-0.74,-1.0,-0.9,-1.0,5
207,,"symbolic",,,,6,1,2,2,2,4,1,3,3,4,1,1,1,1,2,"141",,,,,,,,,,1,0,0,0,0,0,0,0,0,0,1,1,,,,,,1,1,,1,1,,,,1,,1,,1,1,1,,,,,,,,,1,1,0,0,0,0,0,1,1,0,1,1,0,0,0,1,0,1,0,1,1,1,0,0,0,0,0,0,0,0,1,1,2,,1,,,,,,2,"21",4,10,-0.93,-0.53,0.09,0.36,-0.75,-0.56,5
208,2,"realistic",,1,,1,1,1,4,4,4,1,4,1,4,1,1,1,4,4,"269",,,,,,,,,,1,0,0,0,0,0,0,0,0,0,1,1,1,1,1,1,1,1,1,1,1,1,,,,1,,,,,,,,,,,,,,,,,1,1,1,1,1,1,1,1,1,1,0,0,0,1,0,0,0,0,0,0,0,0,0,0,0,0,0,0,0,0,,,,,,,,,1,"59",4,7,-1.0,0.0,0.0,1.0,0.0,0.0,5
209,1,"realistic",1,,,5,1,1,1,1,1,1,1,1,5,1,1,1,1,5,,,,,,,,,,,0,0,0,0,0,0,0,0,0,0,1,1,,,1,,,,1,,1,1,,1,,1,,,1,,1,1,,,,,1,,1,,,,0,0,1,0,0,0,1,0,1,1,0,1,0,1,0,0,1,0,1,1,0,0,0,0,1,0,1,0,0,0,,,,,,,,,2,"52",4,1,0.81,0.87,0.88,0.91,0.96,0.97,5
210,2,"realistic",,1,,2,2,4,4,4,4,4,4,4,4,1,4,4,4,4,"166","144",,,,,,,,,1,1,0,0,0,0,0,0,0,0,1,1,1,1,1,1,1,1,1,1,1,1,1,,,,,,,,,,,,,,,,,,,,1,1,1,1,1,1,1,1,1,1,1,0,0,0,0,0,0,0,0,0,0,0,0,0,0,0,0,0,0,0,,,,,,,,,1,"40",4,2,0.86,-1.0,-1.0,-1.0,-1.0,-1.0,5
211,3,"realistic",,,1,2,1,1,1,1,4,1,1,1,4,1,1,1,1,4,,,,,,,,,,,0,0,0,0,0,0,0,0,0,0,1,1,,,,,,,,,,,1,,,,,1,1,,1,,1,1,1,1,,1,1,,1,,0,0,0,0,0,0,0,0,0,0,1,0,0,0,0,1,1,0,1,0,1,1,1,1,0,1,1,0,1,0,,,,,,,,,2,"42",4,2,0.15,-1.0,-0.8,-1.0,-1.0,-1.0,5
212,,"control",,,,7,7,6,2,5,3,1,2,5,3,1,1,3,1,2,,,,,,,,,,,0,0,0,0,0,0,0,0,0,0,1,1,,,,,,,,,,,1,1,1,1,1,1,1,1,1,1,1,,,,,,,,,,0,0,0,0,0,0,0,0,0,0,1,1,1,1,1,1,1,1,1,1,1,0,0,0,0,0,0,0,0,0,,,,,1,2,,,2,"41",5,4,0.49,1.0,1.0,1.0,0.98,0.98,5
213,,"control",,,,1,1,1,1,1,6,1,1,1,6,1,1,1,1,4,,,,,,,,,,,0,0,0,0,0,0,0,0,0,0,1,1,1,1,1,1,1,1,1,1,1,1,,,,1,,,,,,,,,,,,,,,,,1,1,1,1,1,1,1,1,1,1,0,0,0,1,0,0,0,0,0,0,0,0,0,0,0,0,0,0,0,0,,,,,3,,,2,2,"24",3,7,0.53,-0.46,-0.78,-0.64,-0.69,-0.77,5
214,,"control",,,,1,1,1,1,1,6,1,1,1,4,1,1,1,1,6,,,,,,,,,,,0,0,0,0,0,0,0,0,0,0,1,1,,,1,1,,,,1,1,,,1,,1,,1,,1,1,,1,,,,,,,,,1,0,0,1,1,0,0,0,1,1,0,0,1,0,1,0,1,0,1,1,0,1,0,0,0,0,0,0,0,0,1,,,,,1,1,,,2,"34",5,7,0.34,0.68,0.46,0.57,0.63,0.72,5
215,3,"realistic",,,1,6,1,1,1,1,4,1,1,1,4,1,1,1,1,4,"104","151","159","176","138","119","71","84",,,1,1,1,1,1,1,1,1,0,0,1,1,,,,,,,,,,,1,,,,,,,,,,1,1,1,1,1,1,1,1,1,1,0,0,0,0,0,0,0,0,0,0,1,0,0,0,0,0,0,0,0,0,1,1,1,1,1,1,1,1,1,1,,,,,,,,,2,"56",4,1,-0.84,-0.77,-0.9,-0.81,-0.82,-0.79,5
216,,"control",,,,2,1,1,1,2,4,1,1,1,4,1,2,1,1,4,,,,,,,,,,,0,0,0,0,0,0,0,0,0,0,1,1,1,1,1,1,1,1,1,1,1,,,1,,1,,,,,,,,,,,,,,,,,1,1,1,1,1,1,1,1,1,0,0,1,0,1,0,0,0,0,0,0,0,0,0,0,0,0,0,0,0,0,,,,,1,1,,,1,"21",3,10,-1.0,0.58,0.45,0.85,0.35,0.84,5
217,,"symbolic",,,,5,3,1,1,2,3,1,2,3,4,7,5,2,3,5,,,,,,,,,,,0,0,0,0,0,0,0,0,0,0,1,1,,1,,,1,1,,,1,,1,1,1,,1,,,1,,1,,,,,,,1,,,,0,1,0,0,1,1,0,0,1,0,1,1,1,0,1,0,0,1,0,1,0,0,0,0,0,0,1,0,0,0,2,,1,,,,,,1,"22",4,1,-1.0,0.57,0.72,0.16,0.32,-0.28,5
218,,"symbolic",,,,5,6,6,5,5,2,2,6,6,5,1,3,5,5,2,,,,,,,,,,,0,0,0,0,0,0,0,0,0,0,1,1,,,,,,,,,,,,,,,,,,,1,,1,1,1,1,1,1,1,1,1,1,0,0,0,0,0,0,0,0,0,0,0,0,0,0,0,0,0,0,1,0,1,1,1,1,1,1,1,1,1,1,1,1,,,,,,,2,"36",4,4,-1.0,-0.8,-0.95,-0.8,-0.8,-0.85,5
219,,"symbolic",,,,3,1,5,4,4,4,1,1,6,4,1,2,2,2,5,"52",,,,,,,,,,1,0,0,0,0,0,0,0,0,0,1,1,,,,,,,,,,1,,,,1,1,,,,1,,1,1,1,,,,1,1,1,1,0,0,0,0,0,0,0,0,0,1,0,0,0,1,1,0,0,0,1,0,1,1,1,0,0,0,1,1,1,1,2,,1,,,,,,2,"29",4,1,-0.79,0.39,0.3,-0.59,0.7,0.6,5
220,,"symbolic",,,,2,3,2,2,2,5,2,2,3,3,1,2,2,2,5,,,,,,,,,,,0,0,0,0,0,0,0,0,0,0,1,1,1,1,1,1,1,1,1,1,1,1,1,,,,,,,,,,,,,,,,,,,,1,1,1,1,1,1,1,1,1,1,1,0,0,0,0,0,0,0,0,0,0,0,0,0,0,0,0,0,0,0,2,,1,,,,,,1,"39",5,1,-0.97,-0.95,-0.85,-0.89,-0.9,-0.94,5
221,,"control",,,,1,2,1,2,1,6,2,1,6,6,1,1,2,2,6,,,,,,,,,,,0,0,0,0,0,0,0,0,0,0,1,1,1,,1,1,,,,,,,,1,,,1,,,,1,,1,,1,,1,,,1,,1,1,0,1,1,0,0,0,0,0,0,0,1,0,0,1,0,0,0,1,0,1,0,1,0,1,0,0,1,0,1,,,,,3,,,1,2,"26",4,1,0.82,0.87,0.79,0.84,0.78,0.84,5
222,,"symbolic",,,,7,7,5,4,5,4,1,5,1,4,1,5,3,2,1,"176",,,,,,,,,,1,0,0,0,0,0,0,0,0,0,1,1,,,,,,,,,,,,,,,,,,,,1,1,1,1,1,1,1,1,1,1,1,0,0,0,0,0,0,0,0,0,0,0,0,0,0,0,0,0,0,0,1,1,1,1,1,1,1,1,1,1,1,3,,,1,,,,,2,"31",4,1,0.35,-0.9,-1.0,-1.0,-1.0,-0.79,5
223,,"control",,,,2,2,1,1,1,4,1,1,1,4,1,1,2,1,5,"264",,,,,,,,,,1,0,0,0,0,0,0,0,0,0,1,1,1,1,1,1,1,1,,1,,,1,1,,1,,,,1,,,,,,,,,,,,,1,1,1,1,1,1,0,1,0,0,1,1,0,1,0,0,0,1,0,0,0,0,0,0,0,0,0,0,0,0,,,,,2,,1,,2,"41",5,1,-0.7,-0.68,-0.85,-0.5,-0.83,-0.82,5
224,,"control",,,,3,2,1,1,1,6,1,1,1,5,1,1,1,1,5,,,,,,,,,,,0,0,0,0,0,0,0,0,0,0,1,1,,,,1,,1,1,1,,,1,,,1,,,1,1,1,1,,,,,,,,,1,,0,0,0,1,0,1,1,1,0,0,1,0,0,1,0,0,1,1,1,1,0,0,0,0,0,0,0,0,1,0,,,,,1,1,,,1,"24",3,10,0.2,0.7,0.75,0.78,0.65,0.4,5
225,3,"realistic",,,1,2,2,2,2,2,5,2,2,2,4,1,2,2,2,5,,,,,,,,,,,0,0,0,0,0,0,0,0,0,0,1,1,1,1,1,1,,,,,,,1,1,1,1,,,,,,,1,1,1,,,,,,,,1,1,1,1,0,0,0,0,0,0,1,1,1,1,0,0,0,0,0,0,1,1,1,0,0,0,0,0,0,0,,,,,,,,,1,"58",2,1,-1.0,-1.0,-1.0,-1.0,-1.0,-1.0,5
226,,"symbolic",,,,1,3,1,5,6,3,1,2,2,4,1,3,4,3,1,,,,,,,,,,,0,0,0,0,0,0,0,0,0,0,1,1,,,,,,,,1,,,,1,,1,,,,,,,1,,1,1,1,1,1,1,1,,0,0,0,0,0,0,0,1,0,0,0,1,0,1,0,0,0,0,0,0,1,0,1,1,1,1,1,1,1,0,1,1,,,,,,,2,"22",3,4,-1.0,-0.7,-0.64,-0.23,-1.0,0.15,5
227,,"control",,,,1,2,2,2,4,4,1,2,1,4,1,2,2,1,5,,,,,,,,,,,0,0,0,0,0,0,0,0,0,0,1,1,,,1,1,,1,,1,,1,,,1,,1,1,,,,1,,,,,,,1,1,,,0,0,1,1,0,1,0,1,0,1,0,0,1,0,1,1,0,0,0,1,0,0,0,0,0,0,1,1,0,0,,,,,1,2,,,2,"65",3,4,0.6,1.0,1.0,0.96,0.87,1.0,5
228,1,"realistic",2,,,1,1,2,2,2,4,2,2,2,4,1,2,2,2,4,,,,,,,,,,,0,0,0,0,0,0,0,0,0,0,1,1,1,1,1,1,1,1,1,1,1,1,,1,,,,,,,,,,,,,,,,,,,1,1,1,1,1,1,1,1,1,1,0,1,0,0,0,0,0,0,0,0,0,0,0,0,0,0,0,0,0,0,,,,,,,,,1,"22",4,1,-0.35,-0.5,-0.5,-0.5,-0.5,-0.5,5
229,3,"realistic",,,1,1,1,1,1,1,5,1,1,1,4,1,1,1,1,4,,,,,,,,,,,0,0,0,0,0,0,0,0,0,0,1,1,,,1,1,,,1,,,,1,1,,1,,,1,1,1,1,,,,1,,,,,,,0,0,1,1,0,0,1,0,0,0,1,1,0,1,0,0,1,1,1,1,0,0,0,1,0,0,0,0,0,0,,,,,,,,,2,"21",4,10,-1.0,-1.0,-1.0,-1.0,-1.0,-1.0,5
230,,"control",,,,5,5,1,1,1,4,2,2,2,4,1,2,2,2,4,,,,,,,,,,,0,0,0,0,0,0,0,0,0,0,1,1,1,1,1,1,1,1,1,1,1,,,,,1,,,,,,,1,,,,,,,,,,1,1,1,1,1,1,1,1,1,0,0,0,0,1,0,0,0,0,0,0,1,0,0,0,0,0,0,0,0,0,,,,,3,,,1,1,"23",4,11,0.01,-0.01,-0.01,-0.1,-0.01,-0.03,5
231,,"symbolic",,,,4,7,5,4,5,3,2,5,5,2,1,3,4,5,2,"138",,,,,,,,,,1,0,0,0,0,0,0,0,0,0,1,1,,,,1,,,1,,,,1,,1,1,,1,1,1,,,1,,,1,,,1,,,,0,0,0,1,0,0,1,0,0,0,1,0,1,1,0,1,1,1,0,0,1,0,0,1,0,0,1,0,0,0,1,1,,,,,,,2,"32",4,1,-1.0,-0.66,-0.68,-0.41,-0.83,-0.51,5
232,,"symbolic",,,,1,1,1,1,3,4,1,1,1,4,1,1,4,4,2,,,,,,,,,,,0,0,0,0,0,0,0,0,0,0,1,1,,1,,1,1,,,,,,1,,1,,1,1,1,,,,,1,,1,1,,,,,,0,1,0,1,1,0,0,0,0,0,1,0,1,0,1,1,1,0,0,0,0,1,0,1,1,0,0,0,0,0,3,,,2,,,,,2,"43",3,4,-0.7,0.0,-0.1,-0.15,-0.42,0.35,5
233,,"symbolic",,,,2,2,1,2,3,4,1,2,1,4,1,1,1,2,5,,,,,,,,,,,0,0,0,0,0,0,0,0,0,0,1,1,1,1,1,1,1,1,1,1,1,1,1,,,,,,,,,,,,,,,,,,,,1,1,1,1,1,1,1,1,1,1,1,0,0,0,0,0,0,0,0,0,0,0,0,0,0,0,0,0,0,0,2,,1,,,,,,1,"36",3,1,-1.0,-0.27,-0.31,0.2,-0.54,0.11,5
234,,"control",,,,1,1,1,1,1,5,1,1,1,4,1,1,1,1,5,"222","141",,,,,,,,,1,1,0,0,0,0,0,0,0,0,1,1,,,1,1,,,,,,,1,1,,,1,,,,,,1,1,1,1,1,1,,,,,0,0,1,1,0,0,0,0,0,0,1,1,0,0,1,0,0,0,0,0,1,1,1,1,1,1,0,0,0,0,,,,,1,2,,,2,"28",3,1,0.69,0.18,0.33,0.31,-0.11,0.08,5
235,2,"realistic",,1,,1,1,1,1,1,7,1,1,1,4,1,2,1,1,7,,,,,,,,,,,0,0,0,0,0,0,0,0,0,0,1,1,1,1,1,1,1,1,1,1,1,1,1,,,,,,,,,,,,,,,,,,,,1,1,1,1,1,1,1,1,1,1,1,0,0,0,0,0,0,0,0,0,0,0,0,0,0,0,0,0,0,0,,,,,,,,,2,"39",4,2,0.58,0.33,-0.21,0.23,0.37,-0.02,5
236,,"control",,,,2,1,1,1,1,5,1,1,1,4,1,1,1,1,3,,,,,,,,,,,0,0,0,0,0,0,0,0,0,0,1,1,1,1,1,1,1,1,1,1,1,1,,1,,,,,,,,,,,,,,,,,,,1,1,1,1,1,1,1,1,1,1,0,1,0,0,0,0,0,0,0,0,0,0,0,0,0,0,0,0,0,0,,,,,3,,,1,2,"32",4,1,-1.0,-1.0,-1.0,-1.0,-1.0,-1.0,5
237,,"symbolic",,,,3,6,5,7,6,3,4,7,7,1,1,3,7,6,1,,,,,,,,,,,0,0,0,0,0,0,0,0,0,0,1,1,1,,,,,,,,,,,,,,,,,,,,1,1,1,1,1,1,1,1,1,1,1,0,0,0,0,0,0,0,0,0,0,0,0,0,0,0,0,0,0,0,1,1,1,1,1,1,1,1,1,1,3,,,1,,,,,1,"19",3,10,-1.0,-0.9,-0.79,-0.87,-1.0,-0.75,5
238,,"symbolic",,,,1,4,2,2,2,3,2,2,2,3,1,2,2,4,3,,,,,,,,,,,0,0,0,0,0,0,0,0,0,0,1,1,1,1,1,1,1,1,1,1,1,1,,1,,,,,,,,,,,,,,,,,,,1,1,1,1,1,1,1,1,1,1,0,1,0,0,0,0,0,0,0,0,0,0,0,0,0,0,0,0,0,0,1,2,,,,,,,1,"51",4,1,-1.0,0.14,0.11,0.08,0.11,0.11,5
239,,"symbolic",,,,2,1,1,1,1,3,1,1,1,3,1,1,1,1,3,,,,,,,,,,,0,0,0,0,0,0,0,0,0,0,1,1,,1,1,1,1,1,1,,1,,1,1,,1,,,1,,,,,,,,,,,,,,0,1,1,1,1,1,1,0,1,0,1,1,0,1,0,0,1,0,0,0,0,0,0,0,0,0,0,0,0,0,2,,2,,,,,,2,"39",5,1,0.73,-0.61,-0.72,-0.65,-0.69,-0.5,5
240,3,"realistic",,,1,3,3,2,1,1,5,1,1,1,5,1,1,1,1,5,,,,,,,,,,,0,0,0,0,0,0,0,0,0,0,1,1,,,1,1,,,1,1,1,,1,1,,,1,,1,,,1,,,,,,,,,1,,0,0,1,1,0,0,1,1,1,0,1,1,0,0,1,0,1,0,0,1,0,0,0,0,0,0,0,0,1,0,,,,,,,,,2,"32",3,2,-1.0,-0.5,-0.5,-0.67,-0.79,-0.87,5
241,,"control",,,,2,2,2,1,1,6,1,1,1,6,1,1,1,1,5,"232",,,,,,,,,,1,0,0,0,0,0,0,0,0,0,1,1,,,,,,,,,,,,,,,,1,,,,,1,1,1,1,1,1,1,1,1,1,0,0,0,0,0,0,0,0,0,0,0,0,0,0,0,1,0,0,0,0,1,1,1,1,1,1,1,1,1,1,,,,,3,,,2,1,"34",4,2,0.64,-0.54,-0.45,-0.6,-0.51,-0.9,5
242,,"symbolic",,,,6,7,3,5,5,4,2,2,2,3,1,3,3,4,4,"140","130","126","145","176","78","94","124","168",,1,1,1,1,1,1,1,1,1,0,1,1,,,,,,,,,,,,,,1,,1,,,,1,1,1,1,,1,1,1,1,1,,0,0,0,0,0,0,0,0,0,0,0,0,0,1,0,1,0,0,0,1,1,1,1,0,1,1,1,1,1,0,3,,,2,,,,,2,"41",3,7,0.85,0.0,0.01,0.0,-0.01,-0.38,5
243,,"control",,,,1,1,1,1,1,5,1,1,1,4,1,1,1,1,4,,,,,,,,,,,0,0,0,0,0,0,0,0,0,0,1,1,,,,1,,,1,1,,,,,1,,,1,,1,,1,,1,1,,,1,,,,1,0,0,0,1,0,0,1,1,0,0,0,0,1,0,0,1,0,1,0,1,0,1,1,0,0,1,0,0,0,1,,,,,1,1,,,2,"27",3,2,-0.89,-0.58,-0.61,-1.0,-1.0,-1.0,5
244,,"symbolic",,,,7,7,2,2,2,4,1,1,3,4,1,2,4,2,4,,,,,,,,,,,0,0,0,0,0,0,0,0,0,0,1,1,1,1,1,1,1,1,1,1,1,1,,1,,,,,,,,,,,,,,,,,,,1,1,1,1,1,1,1,1,1,1,0,1,0,0,0,0,0,0,0,0,0,0,0,0,0,0,0,0,0,0,3,,,1,,,,,1,"24",4,2,-1.0,-1.0,-1.0,-0.84,-1.0,-1.0,5
245,,"control",,,,4,4,4,4,4,4,4,4,4,4,1,4,4,4,4,,,,,,,,,,,0,0,0,0,0,0,0,0,0,0,1,1,,,1,1,1,,1,1,,1,,1,1,,1,1,,,1,,,,,,,,,,,,0,0,1,1,1,0,1,1,0,1,0,1,1,0,1,1,0,0,1,0,0,0,0,0,0,0,0,0,0,0,,,,,3,,,2,1,"18",3,10,0.0,0.0,0.0,0.0,0.0,0.0,5
246,3,"realistic",,,1,7,7,1,1,1,5,1,1,1,6,1,1,1,1,6,,,,,,,,,,,0,0,0,0,0,0,0,0,0,0,1,1,,,,,,,,,,,,,1,,,,,,1,,1,1,1,1,1,1,1,1,1,,0,0,0,0,0,0,0,0,0,0,0,0,1,0,0,0,0,0,1,0,1,1,1,1,1,1,1,1,1,0,,,,,,,,,2,"24",3,4,-1.0,-1.0,-1.0,-1.0,-1.0,-1.0,5
247,3,"realistic",,,1,5,1,2,1,4,3,1,1,1,4,1,1,1,1,4,,,,,,,,,,,0,0,0,0,0,0,0,0,0,0,1,1,,,1,1,,,1,1,,,1,1,,,1,1,,1,1,,,,,,,,,,,1,0,0,1,1,0,0,1,1,0,0,1,1,0,0,1,1,0,1,1,0,0,0,0,0,0,0,0,0,0,1,,,,,,,,,2,"32",4,2,0.72,0.4,0.3,0.2,0.15,-0.35,5
248,3,"realistic",,,1,4,4,2,2,1,4,1,1,1,5,1,1,1,1,5,,,,,,,,,,,0,0,0,0,0,0,0,0,0,0,2,2,1,,,,1,1,,1,,1,,,1,,,,1,,,1,,1,,1,,,,,1,,1,0,0,0,1,1,0,1,0,1,0,0,1,0,0,0,1,0,0,1,0,1,0,1,0,0,0,0,1,0,,,,,,,,,1,"22",3,1,0.1,0.0,0.01,0.02,0.0,0.0,5
249,,"control",,,,2,2,1,1,1,3,1,1,1,2,1,1,1,1,2,,,,,,,,,,,0,0,0,0,0,0,0,0,0,0,1,1,1,1,1,1,1,1,1,1,1,1,1,,,,,,,,,,,,,,,,,,,,1,1,1,1,1,1,1,1,1,1,1,0,0,0,0,0,0,0,0,0,0,0,0,0,0,0,0,0,0,0,,,,,2,,2,,1,"31",4,1,-0.73,-0.12,-0.22,-0.21,-0.45,-0.25,5
250,,"symbolic",,,,7,7,7,7,7,1,3,7,7,1,1,6,7,7,1,"148","35","226","101","179",,,,,,1,1,1,1,1,0,0,0,0,0,1,1,,,,,,,,,,,,,,,,,,,,1,1,1,1,1,1,1,1,1,1,1,0,0,0,0,0,0,0,0,0,0,0,0,0,0,0,0,0,0,0,1,1,1,1,1,1,1,1,1,1,1,3,,,1,,,,,3,"22",3,10,-1.0,-1.0,-1.0,-1.0,-1.0,-1.0,5
251,,"symbolic",,,,4,7,2,4,5,4,2,5,4,3,1,4,4,4,3,,,,,,,,,,,0,0,0,0,0,0,0,0,0,0,1,1,,,,,,,,,,1,1,1,1,1,1,1,1,1,1,1,,,,,,,,,,,0,0,0,0,0,0,0,0,0,1,1,1,1,1,1,1,1,1,1,1,0,0,0,0,0,0,0,0,0,0,3,,,1,,,,,2,"28",4,1,-1.0,-0.53,-0.58,-0.35,-0.77,-1.0,5
252,3,"realistic",,,1,4,3,2,2,2,4,1,1,2,4,7,1,3,2,4,,,,,,,,,,,0,0,0,0,0,0,0,0,0,0,1,1,1,,,1,1,1,,,1,,,1,,1,,,,1,,,1,,,,,,1,,1,,1,0,0,1,1,1,0,0,1,0,0,1,0,1,0,0,0,1,0,0,1,0,0,0,0,0,1,0,1,0,,,,,,,,,2,"39",5,1,-0.62,-0.22,-0.54,-0.65,0.17,-0.8,5
253,,"symbolic",,,,2,1,2,1,1,4,1,2,2,3,1,2,1,1,4,,,,,,,,,,,0,0,0,0,0,0,0,0,0,0,1,1,1,1,1,1,1,1,1,1,1,1,,1,,,,,,,,,,,,,,,,,,,1,1,1,1,1,1,1,1,1,1,0,1,0,0,0,0,0,0,0,0,0,0,0,0,0,0,0,0,0,0,3,,,1,,,,,1,"22",4,1,0.8,0.07,-0.1,0.2,-0.1,-0.25,5
254,,"symbolic",,,,4,5,2,2,3,5,1,1,2,4,1,1,4,2,2,,,,,,,,,,,0,0,0,0,0,0,0,0,0,0,1,1,,1,,,1,,,,,,1,,1,1,,1,1,1,1,,,,,,,,,,1,1,0,1,0,0,1,0,0,0,0,0,1,0,1,1,0,1,1,1,1,0,0,0,0,0,0,0,0,0,1,1,1,1,,,,,,,2,"23",4,1,-0.19,-0.12,-0.11,-0.09,-0.09,-0.11,5
255,3,"realistic",,,1,3,4,2,2,3,4,2,2,2,4,1,1,2,2,2,"174",,,,,,,,,,1,0,0,0,0,0,0,0,0,0,1,1,1,1,1,1,1,1,1,1,1,1,1,,,,,,,,,,,,,,,,,,,,1,1,1,1,1,1,1,1,1,1,1,0,0,0,0,0,0,0,0,0,0,0,0,0,0,0,0,0,0,0,,,,,,,,,1,"40",5,4,0.58,-0.04,-0.33,-0.26,-0.54,-0.4,5
256,,"symbolic",,,,7,7,1,1,1,4,1,4,4,3,1,4,6,4,5,,,,,,,,,,,0,0,0,0,0,0,0,0,0,0,1,1,,,,,,,,,,,,,,,,,,,,1,1,1,1,1,1,1,1,1,1,1,0,0,0,0,0,0,0,0,0,0,0,0,0,0,0,0,0,0,0,1,1,1,1,1,1,1,1,1,1,1,1,1,,,,,,,2,"53",4,4,-0.74,0.04,-0.05,0.07,0.1,0.0,5
257,,"control",,,,1,1,1,1,1,7,1,1,1,4,1,1,1,1,6,,,,,,,,,,,0,0,0,0,0,0,0,0,0,0,1,1,1,1,1,1,1,1,1,1,1,1,,,,,,,,,,1,,,,,,,,,,,1,1,1,1,1,1,1,1,1,1,0,0,0,0,0,0,0,0,0,1,0,0,0,0,0,0,0,0,0,0,,,,,3,,,2,2,"48",4,2,-1.0,-0.9,-1.0,-0.84,-1.0,-1.0,5
258,2,"realistic",,1,,7,2,5,1,2,6,1,2,1,5,1,2,1,1,3,"146",,,,,,,,,,1,0,0,0,0,0,0,0,0,0,1,1,,,1,,,,,1,,1,,1,,1,1,,1,1,,,1,,,,1,,,,,1,0,0,1,0,0,0,0,1,0,1,0,1,0,1,1,0,1,1,0,0,1,0,0,0,1,0,0,0,0,1,,,,,,,,,1,"26",3,2,0.2,-0.14,-0.14,0.39,0.05,-0.33,5
259,,"control",,,,1,1,1,4,4,4,1,1,1,4,1,1,1,1,4,,,,,,,,,,,0,0,0,0,0,0,0,0,0,0,1,1,1,1,1,1,1,1,,,,,1,1,1,,,,1,1,,,,,,,,,,,,,1,1,1,1,1,1,0,0,0,0,1,1,1,0,0,0,1,1,0,0,0,0,0,0,0,0,0,0,0,0,,,,,3,,,1,2,"36",3,1,0.0,-0.84,-0.8,-0.87,-0.85,-0.85,5
260,1,"realistic",2,,,2,1,1,1,1,6,1,1,1,6,1,1,1,1,6,,,,,,,,,,,0,0,0,0,0,0,0,0,0,0,1,1,,,,1,,,,,,,,1,1,1,1,,1,1,1,1,,,1,,,,1,,,,0,0,0,1,0,0,0,0,0,0,0,1,1,1,1,0,1,1,1,1,0,0,1,0,0,0,1,0,0,0,,,,,,,,,2,"31",4,1,-0.73,-1.0,-1.0,-1.0,-1.0,-1.0,5
261,2,"realistic",,1,,3,3,1,1,1,4,1,1,1,4,1,1,1,1,4,,,,,,,,,,,0,0,0,0,0,0,0,0,0,0,1,1,1,1,1,1,1,1,1,1,1,1,,1,,,,,,,,,,,,,,,,,,,1,1,1,1,1,1,1,1,1,1,0,1,0,0,0,0,0,0,0,0,0,0,0,0,0,0,0,0,0,0,,,,,,,,,1,"49",4,1,-1.0,-0.9,-0.65,-0.97,-1.0,-0.36,5
262,,"control",,,,1,5,1,1,1,5,1,1,1,4,1,1,2,1,5,,,,,,,,,,,0,0,0,0,0,0,0,0,0,0,1,1,1,1,1,1,,,,,,,1,1,1,1,,,,,,,1,1,1,,,,,,,,1,1,1,1,0,0,0,0,0,0,1,1,1,1,0,0,0,0,0,0,1,1,1,0,0,0,0,0,0,0,,,,,1,2,,,2,"45",3,4,1.0,0.0,0.01,-0.4,0.01,-0.8,5
263,1,"realistic",2,,,1,1,1,1,1,4,1,1,4,4,1,1,1,1,5,,,,,,,,,,,0,0,0,0,0,0,0,0,0,0,1,1,,,,1,,,,,,,1,,1,,,1,1,1,,,,1,,1,,,1,1,1,,0,0,0,1,0,0,0,0,0,0,1,0,1,0,0,1,1,1,0,0,0,1,0,1,0,0,1,1,1,0,,,,,,,,,2,"67",3,1,0.82,0.6,0.75,0.84,0.76,0.42,5
264,,"symbolic",,,,6,5,1,1,1,2,1,1,1,4,1,1,1,1,4,,,,,,,,,,,0,0,0,0,0,0,0,0,0,0,1,1,1,1,1,1,1,1,,,,1,,,,,,,1,1,1,1,,,,,,,,,,,1,1,1,1,1,1,0,0,0,1,0,0,0,0,0,0,1,1,1,1,0,0,0,0,0,0,0,0,0,0,2,,1,,,,,,2,"55",3,2,0.76,0.8,0.84,0.84,0.88,0.88,5
265,,"control",,,,2,2,1,1,1,2,1,1,1,4,1,1,1,1,5,,,,,,,,,,,0,0,0,0,0,0,0,0,0,0,1,1,,1,1,,,,,1,1,,,1,,1,,1,,1,1,1,1,,,,,,,,,,0,1,1,0,0,0,0,1,1,0,0,1,0,1,0,1,0,1,1,1,1,0,0,0,0,0,0,0,0,0,,,,,1,2,,,1,"25",3,4,-1.0,-0.3,-0.3,-0.3,-0.3,-0.3,5
266,1,"realistic",2,,,1,1,1,1,1,3,4,1,1,4,1,1,1,1,4,,,,,,,,,,,0,0,0,0,0,0,0,0,0,0,1,1,1,1,1,1,1,1,,,,,1,1,1,1,1,,,,,,,,,,,,,,,,1,1,1,1,1,1,0,0,0,0,1,1,1,1,1,0,0,0,0,0,0,0,0,0,0,0,0,0,0,0,,,,,,,,,1,"52",4,2,0.68,0.65,0.72,-0.08,1.0,-0.3,5
267,,"symbolic",,,,5,5,2,4,4,3,1,4,3,4,1,1,2,2,4,"269",,,,,,,,,,1,0,0,0,0,0,0,0,0,0,1,1,,,,,,,,,,,,,,,,1,,,,,1,1,1,1,1,1,1,1,1,1,0,0,0,0,0,0,0,0,0,0,0,0,0,0,0,1,0,0,0,0,1,1,1,1,1,1,1,1,1,1,2,,1,,,,,,1,"37",5,1,0.02,0.46,0.44,0.47,0.52,0.42,5
268,,"symbolic",,,,1,1,1,1,1,2,1,1,4,2,1,1,3,3,3,"195","102",,,,,,,,,1,1,0,0,0,0,0,0,0,0,1,1,,,,,,,,,,,,,,,,,,1,,,1,1,1,1,1,1,1,1,1,1,0,0,0,0,0,0,0,0,0,0,0,0,0,0,0,0,0,1,0,0,1,1,1,1,1,1,1,1,1,1,3,,,1,,,,,2,"43",5,1,-0.91,-0.96,-0.95,-0.96,-1.0,-0.99,5
269,2,"realistic",,1,,4,4,2,3,3,3,3,3,3,3,3,3,3,3,3,,,,,,,,,,,0,0,0,0,0,0,0,0,0,0,1,1,,,,,,,,,,,,,,,,,,,,1,1,1,1,1,1,1,1,1,1,1,0,0,0,0,0,0,0,0,0,0,0,0,0,0,0,0,0,0,0,1,1,1,1,1,1,1,1,1,1,1,,,,,,,,,1,"26",4,1,0.0,-0.63,-0.77,-0.87,-0.79,-0.82,5
270,,"control",,,,1,1,1,1,1,7,1,1,1,7,1,1,1,1,7,"233","153","45",,,,,,,,1,1,1,0,0,0,0,0,0,0,1,1,1,1,,1,,,,,1,,,,1,1,1,,,1,1,,1,,,,,,,,,1,1,1,0,1,0,0,0,0,1,0,0,0,1,1,1,0,0,1,1,0,1,0,0,0,0,0,0,0,0,1,,,,,2,,1,,1,"34",5,1,1.0,-0.67,-0.64,-0.69,-0.62,-0.65,5
271,,"symbolic",,,,4,4,1,1,1,4,1,1,1,4,1,3,1,1,1,,,,,,,,,,,0,0,0,0,0,0,0,0,0,0,1,1,1,1,1,1,1,1,1,1,1,1,,,,,,,,1,,,,,,,,,,,,,1,1,1,1,1,1,1,1,1,1,0,0,0,0,0,0,0,1,0,0,0,0,0,0,0,0,0,0,0,0,2,,1,,,,,,1,"40",4,1,0.5,0.1,0.0,0.85,-0.85,0.2,5
272,,"symbolic",,,,5,7,2,6,5,4,1,5,5,4,1,5,2,5,3,,,,,,,,,,,0,0,0,0,0,0,0,0,0,0,1,1,,,1,,,,,,,,1,1,1,1,1,1,1,1,1,,,,,,,,,1,,,0,0,1,0,0,0,0,0,0,0,1,1,1,1,1,1,1,1,1,0,0,0,0,0,0,0,0,1,0,0,1,1,,,,,,,2,"29",4,1,-1.0,-0.82,-1.0,-0.75,-1.0,-1.0,5
273,,"control",,,,2,2,1,1,1,5,1,1,1,4,1,2,2,1,5,,,,,,,,,,,0,0,0,0,0,0,0,0,0,0,1,1,,,1,,,,1,,1,1,,,1,1,,1,,1,1,,1,,,,,,1,,,,0,0,1,0,0,0,1,0,1,1,0,0,1,1,0,1,0,1,1,0,1,0,0,0,0,0,1,0,0,0,,,,,2,,2,,1,"26",4,1,-0.9,-0.91,-1.0,-0.61,-0.89,-1.0,5
274,1,"realistic",1,,,1,1,5,1,2,5,1,1,1,5,1,1,1,1,5,,,,,,,,,,,0,0,0,0,0,0,0,0,0,0,1,1,,,,1,1,1,1,1,1,1,,1,,1,,,,,,,1,,,,,,,,1,,0,0,0,1,1,1,1,1,1,1,0,1,0,1,0,0,0,0,0,0,1,0,0,0,0,0,0,0,1,0,,,,,,,,,3,"18",3,4,0.15,-0.27,-0.6,-0.41,-0.56,-0.68,5
275,,"symbolic",,,,6,6,1,2,2,4,1,3,3,3,1,1,3,1,3,,,,,,,,,,,0,0,0,0,0,0,0,0,0,0,1,1,,,,,,,,,,,,,,,,,1,,,,1,1,1,1,1,1,1,1,1,1,0,0,0,0,0,0,0,0,0,0,0,0,0,0,0,0,1,0,0,0,1,1,1,1,1,1,1,1,1,1,2,,1,,,,,,2,"27",3,1,-1.0,-0.38,-0.37,-0.7,-0.55,-0.62,5
276,,"control",,,,4,2,2,1,1,6,1,1,1,4,1,1,1,1,4,,,,,,,,,,,0,0,0,0,0,0,0,0,0,0,1,1,,,1,1,,,,,,,,1,,,1,1,,1,,1,1,,,,,,1,1,1,,0,0,1,1,0,0,0,0,0,0,0,1,0,0,1,1,0,1,0,1,1,0,0,0,0,0,1,1,1,0,,,,,3,,,1,2,"39",3,4,-1.0,-1.0,-1.0,-0.66,-0.48,-1.0,5
277,,"symbolic",,,,4,6,2,6,4,3,2,5,4,3,1,4,3,6,3,"121","141","156","170","94","109","118",,,,1,1,1,1,1,1,1,0,0,0,1,1,,,,,,,,,,,,,,,,,,,,1,1,1,1,1,1,1,1,1,1,1,0,0,0,0,0,0,0,0,0,0,0,0,0,0,0,0,0,0,0,1,1,1,1,1,1,1,1,1,1,1,3,,,1,,,,,1,"25",5,1,-0.64,0.02,0.03,0.31,-0.15,0.17,5
278,,"symbolic",,,,5,6,2,5,5,6,2,5,6,5,1,2,2,5,3,"231","58","111","187",,,,,,,1,1,1,1,0,0,0,0,0,0,1,1,,1,,,1,1,,,1,1,1,,,,,,1,1,,,,,1,1,,,,,1,,0,1,0,0,1,1,0,0,1,1,1,0,0,0,0,0,1,1,0,0,0,0,1,1,0,0,0,0,1,0,1,2,,,,,,,1,"23",4,1,0.96,0.82,0.79,0.78,1.0,0.73,5
279,,"control",,,,1,1,1,1,1,5,1,1,1,5,1,1,1,1,4,,,,,,,,,,,0,0,0,0,0,0,0,0,0,0,1,1,1,1,1,1,1,1,,,,,1,1,1,1,1,,,,,,,,,,,,,,,,1,1,1,1,1,1,0,0,0,0,1,1,1,1,1,0,0,0,0,0,0,0,0,0,0,0,0,0,0,0,,,,,3,,,1,1,"25",2,7,0.37,0.01,0.0,0.48,0.0,0.71,5
280,,"control",,,,6,2,2,1,1,6,1,1,1,6,1,1,1,1,6,,,,,,,,,,,0,0,0,0,0,0,0,0,0,0,1,1,1,1,1,1,1,1,1,1,1,1,,1,,,,,,,,,,,,,,,,,,,1,1,1,1,1,1,1,1,1,1,0,1,0,0,0,0,0,0,0,0,0,0,0,0,0,0,0,0,0,0,,,,,3,,,1,2,"38",4,4,-1.0,-1.0,-1.0,-1.0,-1.0,-1.0,5
281,3,"realistic",,,1,3,1,3,2,2,4,2,3,2,4,1,3,2,2,2,"229",,,,,,,,,,1,0,0,0,0,0,0,0,0,0,1,3,,,,,,,,,,,,1,1,,1,1,1,,,,1,1,1,,,1,1,,1,,0,0,0,0,0,0,0,0,0,0,0,1,1,0,1,1,1,0,0,0,1,1,1,0,0,1,1,0,1,0,,,,,,,,,2,"20",3,10,0.75,0.9,0.27,0.95,0.02,0.04,5
282,,"control",,,,4,4,2,2,2,3,1,1,1,3,1,1,2,1,4,,,,,,,,,,,0,0,0,0,0,0,0,0,0,0,1,1,,,,,,,,,,,,,,,,,,1,,,1,1,1,1,1,1,1,1,1,1,0,0,0,0,0,0,0,0,0,0,0,0,0,0,0,0,0,1,0,0,1,1,1,1,1,1,1,1,1,1,,,,,1,2,,,1,"64",3,7,-0.65,-0.08,-0.14,0.14,-0.27,0.21,5
283,,"symbolic",,,,2,6,2,5,5,3,2,5,3,3,7,3,5,5,3,"217",,,,,,,,,,1,0,0,0,0,0,0,0,0,0,1,1,,,,,,,,,,,1,1,,1,,1,,,1,,,,1,,1,,1,1,1,1,0,0,0,0,0,0,0,0,0,0,1,1,0,1,0,1,0,0,1,0,0,0,1,0,1,0,1,1,1,1,1,1,,,,,,,2,"41",3,1,-1.0,-0.9,-0.9,-0.95,-0.95,-0.93,5
284,,"control",,,,2,2,1,1,1,6,1,1,1,5,1,1,1,1,5,,,,,,,,,,,0,0,0,0,0,0,0,0,0,0,1,1,,,,,,,,1,1,1,,,,,,,,1,1,1,,,,,,1,1,1,1,1,0,0,0,0,0,0,0,1,1,1,0,0,0,0,0,0,0,1,1,1,0,0,0,0,0,1,1,1,1,1,,,,,3,,,1,2,"42",5,4,1.0,1.0,1.0,1.0,1.0,1.0,5
285,,"symbolic",,,,1,1,2,1,2,3,1,1,2,4,1,2,1,1,4,,,,,,,,,,,0,0,0,0,0,0,0,0,0,0,1,1,,,,,,,,,,,,,,,,,1,,,,1,1,1,1,1,1,1,1,1,1,0,0,0,0,0,0,0,0,0,0,0,0,0,0,0,0,1,0,0,0,1,1,1,1,1,1,1,1,1,1,2,,1,,,,,,2,"28",4,2,-1.0,-0.23,-0.21,0.0,-0.54,-0.6,5
286,,"control",,,,2,1,2,1,1,5,1,1,2,4,1,1,1,1,5,,,,,,,,,,,0,0,0,0,0,0,0,0,0,0,1,1,,,,1,,,1,1,,,,1,1,,,,,1,,1,1,,,,,,1,1,1,,0,0,0,1,0,0,1,1,0,0,0,1,1,0,0,0,0,1,0,1,1,0,0,0,0,0,1,1,1,0,,,,,1,2,,,2,"23",4,11,0.25,-0.28,-0.5,-0.34,-0.49,-0.15,5
287,,"symbolic",,,,1,1,2,2,2,4,2,2,2,4,1,2,1,1,4,,,,,,,,,,,0,0,0,0,0,0,0,0,0,0,1,1,,,,,,,,1,1,1,,1,1,,,,,1,1,1,,,,,,,,1,1,1,0,0,0,0,0,0,0,1,1,1,0,1,1,0,0,0,0,1,1,1,0,0,0,0,0,0,0,1,1,1,2,,2,,,,,,1,"20",3,11,-1.0,-0.44,-0.38,0.17,-0.19,-0.16,5
288,1,"realistic",1,,,1,1,1,1,1,7,1,1,1,4,1,1,1,1,7,,,,,,,,,,,0,0,0,0,0,0,0,0,0,0,1,1,,,,,,,,,,,,,1,,,1,,,,,,1,1,1,1,1,1,1,1,1,0,0,0,0,0,0,0,0,0,0,0,0,1,0,0,1,0,0,0,0,0,1,1,1,1,1,1,1,1,1,,,,,,,,,2,"42",3,2,-1.0,0.0,0.0,0.0,0.0,0.0,5
289,3,"realistic",,,2,3,2,1,2,2,5,2,2,2,5,1,2,2,2,4,,,,,,,,,,,0,0,0,0,0,0,0,0,0,0,1,1,,,,,,,,1,,,1,,,1,,1,1,1,,,1,1,1,,,1,1,,,,0,0,0,0,0,0,0,1,0,0,1,0,0,1,0,1,1,1,0,0,1,1,1,0,0,1,1,0,0,0,,,,,,,,,2,"66",4,1,0.32,-0.6,-0.72,-0.76,-0.75,-0.74,5
290,,"control",,,,2,2,1,1,1,4,1,1,1,4,1,1,1,1,4,,,,,,,,,,,0,0,0,0,0,0,0,0,0,0,1,1,1,1,1,1,1,1,1,1,1,1,,,,1,,,,,,,,,,,,,,,,,1,1,1,1,1,1,1,1,1,1,0,0,0,1,0,0,0,0,0,0,0,0,0,0,0,0,0,0,0,0,,,,,1,1,,,2,"58",5,1,1.0,0.84,0.85,0.88,-0.66,0.02,5
291,,"control",,,,5,2,1,1,1,6,1,1,1,4,1,1,1,1,6,"140","157","55",,,,,,,,1,1,1,0,0,0,0,0,0,0,1,1,1,1,1,1,1,1,1,1,1,1,,1,,,,,,,,,,,,,,,,,,,1,1,1,1,1,1,1,1,1,1,0,1,0,0,0,0,0,0,0,0,0,0,0,0,0,0,0,0,0,0,,,,,1,2,,,2,"28",4,1,0.57,0.0,0.07,0.0,-0.25,-0.07,5
292,,"control",,,,2,1,2,1,2,4,1,1,1,4,1,1,1,1,4,"143","171","115",,,,,,,,1,1,1,0,0,0,0,0,0,0,1,1,1,1,1,1,1,1,1,1,1,1,,1,,,,,,,,,,,,,,,,,,,1,1,1,1,1,1,1,1,1,1,0,1,0,0,0,0,0,0,0,0,0,0,0,0,0,0,0,0,0,0,,,,,3,,,1,1,"36",4,1,0.0,0.71,0.62,0.87,0.67,0.05,5
293,3,"realistic",,,1,5,2,2,1,2,4,1,1,1,5,1,2,2,1,4,,,,,,,,,,,0,0,0,0,0,0,0,0,0,0,1,1,,,,,,,,,,,,,,,,1,,,,,1,1,1,1,1,1,1,1,1,1,0,0,0,0,0,0,0,0,0,0,0,0,0,0,0,1,0,0,0,0,1,1,1,1,1,1,1,1,1,1,,,,,,,,,2,"46",3,1,-1.0,-0.85,-0.87,-0.86,-0.8,-0.85,5
294,1,"realistic",1,,,2,3,1,1,1,5,1,1,1,4,1,1,1,1,5,,,,,,,,,,,0,0,0,0,0,0,0,0,0,0,1,1,,,,,,,,,,,1,1,1,1,1,1,1,1,,,,,,,,1,,1,1,,0,0,0,0,0,0,0,0,0,0,1,1,1,1,1,1,1,1,0,0,0,0,0,0,0,1,0,1,1,0,,,,,,,,,1,"29",5,1,-0.47,-0.56,-0.57,-0.21,-0.75,-0.58,5
295,,"control",,,,1,1,1,1,1,4,1,1,1,5,1,1,1,1,5,,,,,,,,,,,0,0,0,0,0,0,0,0,0,0,1,1,1,1,1,1,1,1,1,1,1,1,,,,,,,,,1,,,,,,,,,,,,1,1,1,1,1,1,1,1,1,1,0,0,0,0,0,0,0,0,1,0,0,0,0,0,0,0,0,0,0,0,,,,,1,1,,,2,"30",5,1,-0.56,-1.0,-1.0,-1.0,-1.0,-1.0,5
296,1,"realistic",2,,,1,1,1,1,1,6,1,1,1,4,1,1,1,1,6,,,,,,,,,,,0,0,0,0,0,0,0,0,0,0,1,1,,,,1,1,,,,,1,1,,,1,1,,1,,,,1,,1,1,,,,,1,,0,0,0,1,1,0,0,0,0,1,1,0,0,1,1,0,1,0,0,0,1,0,1,1,0,0,0,0,1,0,,,,,,,,,1,"24",4,1,-0.91,0.0,0.0,0.25,-0.2,0.0,5
297,,"symbolic",,,,4,7,1,1,4,4,1,1,1,4,1,1,1,1,1,,,,,,,,,,,0,0,0,0,0,0,0,0,0,0,1,1,,,,,,,,,,,,,,1,,1,1,1,,,,1,1,1,1,1,1,,1,,0,0,0,0,0,0,0,0,0,0,0,0,0,1,0,1,1,1,0,0,0,1,1,1,1,1,1,0,1,0,1,2,,,,,,,2,"51",3,2,0.95,0.3,0.34,1.0,1.0,0.0,5
298,,"control",,,,1,1,1,1,1,3,1,1,1,3,1,1,1,1,3,"111","179","153","141","170","104",,,,,1,1,1,1,1,1,0,0,0,0,1,1,,1,,1,1,1,,1,,,1,,,,,1,,,,,,1,,1,1,,1,,,,0,1,0,1,1,1,0,1,0,0,1,0,0,0,0,1,0,0,0,0,0,1,0,1,1,0,1,0,0,0,,,,,3,,,1,1,"29",2,2,-1.0,-1.0,-1.0,-1.0,-1.0,-1.0,5
299,,"control",,,,1,1,1,1,1,6,1,1,1,5,1,1,1,1,2,,,,,,,,,,,0,0,0,0,0,0,0,0,0,0,1,1,1,1,1,1,1,1,,1,1,1,,1,,,,,,,,,,,,,,,,,1,,1,1,1,1,1,1,0,1,1,1,0,1,0,0,0,0,0,0,0,0,0,0,0,0,0,0,0,0,1,0,,,,,3,,,1,2,"45",4,4,0.85,-0.09,-0.55,-0.21,-0.17,0.26,5
300,2,"realistic",,2,,2,1,1,1,1,4,1,1,1,4,1,1,1,1,4,,,,,,,,,,,0,0,0,0,0,0,0,0,0,0,1,1,,,,1,1,,,,,1,,,1,,1,,,1,,1,,,1,1,,,1,1,,,0,0,0,1,1,0,0,0,0,1,0,0,1,0,1,0,0,1,0,1,0,0,1,1,0,0,1,1,0,0,,,,,,,,,2,"27",3,4,-1.0,-1.0,-1.0,-1.0,-1.0,-1.0,5
301,1,"realistic",1,,,3,3,1,1,1,5,1,1,1,5,1,1,1,1,6,,,,,,,,,,,0,0,0,0,0,0,0,0,0,0,1,1,,,1,,,,1,1,,,1,1,,1,1,1,,1,1,1,,,,,,,,,,,0,0,1,0,0,0,1,1,0,0,1,1,0,1,1,1,0,1,1,1,0,0,0,0,0,0,0,0,0,0,,,,,,,,,2,"36",4,2,-1.0,-1.0,-0.85,-1.0,-1.0,-1.0,5
302,,"control",,,,1,1,1,1,1,1,1,1,1,6,1,1,1,1,6,"138","228","60","144",,,,,,,1,1,1,1,0,0,0,0,0,0,1,1,1,,1,,1,1,1,1,1,1,,1,,1,,,,1,,,,,,,,,,,,,1,0,1,0,1,1,1,1,1,1,0,1,0,1,0,0,0,1,0,0,0,0,0,0,0,0,0,0,0,0,,,,,1,2,,,2,"34",4,4,0.26,-1.0,-1.0,-0.3,-0.65,-0.9,5
303,,"symbolic",,,,4,4,2,2,2,4,1,2,5,4,1,2,2,2,4,,,,,,,,,,,0,0,0,0,0,0,0,0,0,0,1,1,1,1,1,1,1,1,1,1,1,1,,1,,,,,,,,,,,,,,,,,,,1,1,1,1,1,1,1,1,1,1,0,1,0,0,0,0,0,0,0,0,0,0,0,0,0,0,0,0,0,0,3,,,1,,,,,1,"32",4,2,-1.0,-0.35,-0.36,-0.32,-0.66,-0.22,5
304,,"control",,,,1,1,1,1,1,5,1,1,1,5,1,1,1,1,5,,,,,,,,,,,0,0,0,0,0,0,0,0,0,0,1,4,1,1,1,1,1,1,1,1,1,1,1,,,,,,,,,,,,,,,,,,,,1,1,1,1,1,1,1,1,1,1,1,0,0,0,0,0,0,0,0,0,0,0,0,0,0,0,0,0,0,0,,,,,1,2,,,1,"33",4,1,1.0,1.0,1.0,1.0,1.0,-1.0,6
305,,"control",,,,2,4,4,2,2,2,3,3,3,3,1,3,3,3,3,,,,,,,,,,,0,0,0,0,0,0,0,0,0,0,1,1,1,1,1,1,1,1,1,1,1,1,,,,,,,,,1,,,,,,,,,,,,1,1,1,1,1,1,1,1,1,1,0,0,0,0,0,0,0,0,1,0,0,0,0,0,0,0,0,0,0,0,,,,,2,,1,,1,"28",5,1,0.25,-0.32,-0.34,-0.37,-0.4,-0.52,5
306,2,"realistic",,1,,2,1,2,1,1,6,1,2,1,4,1,1,1,1,6,"142",,,,,,,,,,1,0,0,0,0,0,0,0,0,0,1,1,1,1,1,1,1,1,1,1,,1,,1,,,1,,,,,,,,,,,,,,,,1,1,1,1,1,1,1,1,0,1,0,1,0,0,1,0,0,0,0,0,0,0,0,0,0,0,0,0,0,0,,,,,,,,,2,"19",3,10,0.6,0.5,0.5,0.88,0.4,-0.1,5
307,1,"realistic",1,,,5,4,3,3,2,2,3,3,3,4,1,2,3,3,4,,,,,,,,,,,0,0,0,0,0,0,0,0,0,0,1,1,,,,,,,,,,,1,,,,,,,,,,1,1,1,1,1,1,1,1,1,1,0,0,0,0,0,0,0,0,0,0,1,0,0,0,0,0,0,0,0,0,1,1,1,1,1,1,1,1,1,1,,,,,,,,,2,"31",3,1,-1.0,0.0,0.0,0.0,0.0,-0.38,5
308,,"control",,,,1,1,1,1,1,4,1,1,1,5,1,1,1,1,4,,,,,,,,,,,0,0,0,0,0,0,0,0,0,0,1,1,1,1,1,1,1,1,1,1,1,1,,,,1,,,,,,,,,,,,,,,,,1,1,1,1,1,1,1,1,1,1,0,0,0,1,0,0,0,0,0,0,0,0,0,0,0,0,0,0,0,0,,,,,3,,,1,1,"30",4,1,0.47,-0.25,-0.72,0.28,-0.45,-1.0,5
309,,"control",,,,1,1,1,1,1,5,1,1,1,5,1,1,1,1,5,,,,,,,,,,,0,0,0,0,0,0,0,0,0,0,1,1,1,1,1,1,1,1,1,1,1,1,,,,,,,,,,1,,,,,,,,,,,1,1,1,1,1,1,1,1,1,1,0,0,0,0,0,0,0,0,0,1,0,0,0,0,0,0,0,0,0,0,,,,,3,,,1,1,"35",4,1,-1.0,-0.71,-0.87,-0.01,-0.81,-0.79,5
310,,"control",,,,1,1,1,1,1,6,1,1,1,6,1,1,1,1,6,,,,,,,,,,,0,0,0,0,0,0,0,0,0,0,1,1,1,1,1,1,1,1,1,1,1,1,,1,,,,,,,,,,,,,,,,,,,1,1,1,1,1,1,1,1,1,1,0,1,0,0,0,0,0,0,0,0,0,0,0,0,0,0,0,0,0,0,,,,,2,,1,,1,"20",3,10,-1.0,-1.0,-1.0,-1.0,-1.0,-1.0,5
311,,"symbolic",,,,6,6,2,1,2,3,1,1,2,3,1,2,3,2,4,,,,,,,,,,,0,0,0,0,0,0,0,0,0,0,1,1,,,,,,,,,,,,,1,,1,1,,,,,1,1,,1,,1,1,1,1,1,0,0,0,0,0,0,0,0,0,0,0,0,1,0,1,1,0,0,0,0,1,1,0,1,0,1,1,1,1,1,2,,1,,,,,,2,"22",4,1,-0.83,-0.59,-0.66,-0.59,-0.56,-0.58,5
312,1,"realistic",1,,,1,1,1,1,1,5,1,1,1,5,1,1,1,1,5,,,,,,,,,,,0,0,0,0,0,0,0,0,0,0,1,1,1,,,1,,,,1,,,,,1,,1,,,1,1,,1,1,,,,,,,1,1,1,0,0,1,0,0,0,1,0,0,0,0,1,0,1,0,0,1,1,0,1,1,0,0,0,0,0,0,1,1,,,,,,,,,1,"19",2,11,-1.0,-0.06,-0.05,-0.08,-0.07,-0.04,5
313,,"control",,,,4,3,1,1,1,4,1,1,1,3,1,1,1,1,4,"141","119","165",,,,,,,,1,1,1,0,0,0,0,0,0,0,1,1,,,,1,1,1,1,1,1,1,1,1,,1,,,,,1,,,,,,,,,,,,0,0,0,1,1,1,1,1,1,1,1,1,0,1,0,0,0,0,1,0,0,0,0,0,0,0,0,0,0,0,,,,,2,,2,,1,"34",3,2,-0.75,-0.9,-0.8,-0.4,-0.95,-1.0,5
314,,"control",,,,1,1,1,1,1,6,1,1,1,6,1,1,1,1,6,,,,,,,,,,,0,0,0,0,0,0,0,0,0,0,1,1,1,1,1,1,1,1,1,1,1,1,1,,,,,,,,,,,,,,,,,,,,1,1,1,1,1,1,1,1,1,1,1,0,0,0,0,0,0,0,0,0,0,0,0,0,0,0,0,0,0,0,,,,,2,,2,,1,"30",4,2,-1.0,-0.85,-0.85,-0.6,-1.0,-1.0,5
315,1,"realistic",1,,,2,2,1,1,1,4,1,1,1,3,1,1,1,1,5,,,,,,,,,,,0,0,0,0,0,0,0,0,0,0,1,1,,,,,,,,,,,,,,,,,1,,,,1,1,1,1,1,1,1,1,1,1,0,0,0,0,0,0,0,0,0,0,0,0,0,0,0,0,1,0,0,0,1,1,1,1,1,1,1,1,1,1,,,,,,,,,2,"27",5,11,-1.0,-1.0,-1.0,-1.0,-1.0,-1.0,5
316,2,"realistic",,1,,5,2,1,1,1,4,1,1,1,4,1,1,1,1,5,,,,,,,,,,,0,0,0,0,0,0,0,0,0,0,1,1,1,1,1,1,1,1,1,1,1,1,,1,,,,,,,,,,,,,,,,,,,1,1,1,1,1,1,1,1,1,1,0,1,0,0,0,0,0,0,0,0,0,0,0,0,0,0,0,0,0,0,,,,,,,,,1,"29",3,2,-0.7,0.57,0.53,0.47,0.55,0.2,5
317,,"symbolic",,,,6,5,2,2,1,4,2,2,3,2,1,1,1,2,2,,,,,,,,,,,0,0,0,0,0,0,0,0,0,0,1,1,1,1,1,1,1,1,1,1,1,1,,,,1,,,,,,,,,,,,,,,,,1,1,1,1,1,1,1,1,1,1,0,0,0,1,0,0,0,0,0,0,0,0,0,0,0,0,0,0,0,0,1,2,,,,,,,1,"26",2,1,0.66,-0.34,-0.31,-0.43,-0.3,-0.58,5
318,2,"realistic",,1,,3,1,2,1,2,4,1,1,2,5,1,1,2,2,5,,,,,,,,,,,0,0,0,0,0,0,0,0,0,0,1,1,,,,,,,,,,,,,,,,1,,,,,1,1,1,1,1,1,1,1,1,1,0,0,0,0,0,0,0,0,0,0,0,0,0,0,0,1,0,0,0,0,1,1,1,1,1,1,1,1,1,1,,,,,,,,,1,"29",3,1,-1.0,0.0,-0.3,0.4,-0.1,-0.6,5
319,,"control",,,,5,6,4,3,4,3,4,3,4,3,1,4,3,3,4,,,,,,,,,,,0,0,0,0,0,0,0,0,0,0,1,1,1,1,1,,1,,,,1,1,1,1,,,1,,,1,,,,,,,1,,,,,,1,1,1,0,1,0,0,0,1,1,1,1,0,0,1,0,0,1,0,0,0,0,0,0,1,0,0,0,0,0,,,,,1,1,,,1,"28",4,1,0.12,0.03,0.11,0.28,0.26,0.36,5
320,1,"realistic",2,,,2,2,1,1,1,5,1,1,1,4,1,1,1,1,5,,,,,,,,,,,0,0,0,0,0,0,0,0,0,0,1,1,1,1,1,1,1,1,1,1,1,1,,1,,,,,,,,,,,,,,,,,,,1,1,1,1,1,1,1,1,1,1,0,1,0,0,0,0,0,0,0,0,0,0,0,0,0,0,0,0,0,0,,,,,,,,,1,"31",5,1,-1.0,-1.0,-1.0,-1.0,-1.0,-1.0,5
321,3,"realistic",,,1,7,4,6,4,6,2,1,6,4,4,1,5,5,4,1,"140","160",,,,,,,,,1,1,0,0,0,0,0,0,0,0,1,1,,,,,,,,,,,,,,,,,,,,1,1,1,1,1,1,1,1,1,1,1,0,0,0,0,0,0,0,0,0,0,0,0,0,0,0,0,0,0,0,1,1,1,1,1,1,1,1,1,1,1,,,,,,,,,2,"30",4,1,-1.0,-0.82,-1.0,-1.0,-0.5,-0.63,5
322,,"control",,,,1,1,2,1,1,3,1,1,1,3,1,1,1,1,3,,,,,,,,,,,0,0,0,0,0,0,0,0,0,0,1,1,1,1,1,1,1,1,1,1,1,1,,,,,,,,,,1,,,,,,,,,,,1,1,1,1,1,1,1,1,1,1,0,0,0,0,0,0,0,0,0,1,0,0,0,0,0,0,0,0,0,0,,,,,3,,,1,2,"65",4,1,-0.76,-0.82,-0.53,-0.77,-1.0,-0.94,5
323,,"symbolic",,,,7,7,1,1,1,7,1,1,1,6,1,1,1,1,7,,,,,,,,,,,0,0,0,0,0,0,0,0,0,0,1,1,1,1,1,1,1,1,1,1,1,1,,1,,,,,,,,,,,,,,,,,,,1,1,1,1,1,1,1,1,1,1,0,1,0,0,0,0,0,0,0,0,0,0,0,0,0,0,0,0,0,0,1,1,,,,,,,2,"30",4,1,0.75,-0.86,-1.0,-1.0,-1.0,-1.0,5
324,2,"realistic",,1,,1,1,1,1,1,1,1,1,1,5,1,1,1,1,5,,,,,,,,,,,0,0,0,0,0,0,0,0,0,0,1,1,1,1,,1,1,1,,1,1,1,,1,,1,,,,1,,,,,,,,,,,,,1,1,0,1,1,1,0,1,1,1,0,1,0,1,0,0,0,1,0,0,0,0,0,0,0,0,0,0,0,0,,,,,,,,,1,"36",4,1,0.5,0.5,0.5,0.22,0.54,0.67,5
325,,"control",,,,1,1,1,1,1,4,1,1,4,4,1,1,2,1,4,,,,,,,,,,,0,0,0,0,0,0,0,0,0,0,1,1,1,1,1,1,1,1,1,1,1,1,1,,,,,,,,,,,,,,,,,,,,1,1,1,1,1,1,1,1,1,1,1,0,0,0,0,0,0,0,0,0,0,0,0,0,0,0,0,0,0,0,,,,,1,1,,,1,"24",4,1,-1.0,-0.74,-0.73,-0.37,-0.59,0.27,5
326,,"control",,,,1,1,1,1,1,5,1,1,1,4,1,1,1,1,4,,,,,,,,,,,0,0,0,0,0,0,0,0,0,0,1,1,1,1,1,1,1,1,1,1,1,1,,,,,,,,,,1,,,,,,,,,,,1,1,1,1,1,1,1,1,1,1,0,0,0,0,0,0,0,0,0,1,0,0,0,0,0,0,0,0,0,0,,,,,3,,,1,1,"19",3,10,-1.0,-0.07,-0.07,0.11,-0.04,-0.45,5
327,,"symbolic",,,,3,5,4,2,3,4,4,2,2,3,2,3,4,5,5,"225","54",,,,,,,,,1,1,0,0,0,0,0,0,0,0,1,1,1,1,1,1,,,,,,,,,,,1,1,1,1,,1,,,,,,,,,1,1,1,1,1,1,0,0,0,0,0,0,0,0,0,0,1,1,1,1,0,1,0,0,0,0,0,0,0,0,1,1,1,2,,,,,,,1,"21",3,1,0.07,-0.19,-0.37,-0.51,0.1,0.34,5
328,3,"realistic",,,1,2,2,2,2,1,3,1,1,1,4,1,2,1,1,4,,,,,,,,,,,0,0,0,0,0,0,0,0,0,0,1,1,,,,,1,,,,,,,,,,,1,1,1,1,1,,,,,,1,1,1,1,1,0,0,0,0,1,0,0,0,0,0,0,0,0,0,0,1,1,1,1,1,0,0,0,0,0,1,1,1,1,1,,,,,,,,,1,"1997",4,1,-0.72,-0.18,-0.09,0.15,-0.1,-0.6,5
329,,"symbolic",,,,4,5,2,3,3,4,1,3,1,4,1,4,4,2,5,"248",,,,,,,,,,1,0,0,0,0,0,0,0,0,0,1,1,,,,,,,,,,,1,,,,,,,,,,1,1,1,1,1,1,1,1,1,1,0,0,0,0,0,0,0,0,0,0,1,0,0,0,0,0,0,0,0,0,1,1,1,1,1,1,1,1,1,1,3,,,1,,,,,1,"25",4,4,0.61,-0.25,-0.62,0.3,-0.59,-0.25,5
330,,"symbolic",,,,2,6,2,2,1,5,1,3,3,1,1,1,2,3,3,"142",,,,,,,,,,1,0,0,0,0,0,0,0,0,0,1,1,,,,,,,,,,,,,,,,,,1,,,1,1,1,1,1,1,1,1,1,1,0,0,0,0,0,0,0,0,0,0,0,0,0,0,0,0,0,1,0,0,1,1,1,1,1,1,1,1,1,1,3,,,1,,,,,1,"28",3,1,-0.91,-1.0,-1.0,-1.0,-1.0,-1.0,5
331,,"symbolic",,,,4,3,6,2,7,5,3,7,4,4,1,3,2,5,3,"160",,,,,,,,,,1,0,0,0,0,0,0,0,0,0,1,1,1,1,1,1,1,,,,,,,,,1,1,1,1,,,,,,,,,,1,1,,,1,1,1,1,1,0,0,0,0,0,0,0,0,1,1,1,1,0,0,0,0,0,0,0,0,0,1,1,0,0,2,,1,,,,,,2,"31",3,7,0.79,0.59,0.38,0.48,0.0,0.31,5
332,,"control",,,,1,1,1,1,1,5,1,1,1,4,1,1,2,1,6,"209",,,,,,,,,,1,0,0,0,0,0,0,0,0,0,1,1,1,,1,1,,1,1,,,1,,1,,1,1,,,1,1,,,,,,,,,,,,1,0,1,1,0,1,1,0,0,1,0,1,0,1,1,0,0,1,1,0,0,0,0,0,0,0,0,0,0,0,,,,,3,,,1,2,"38",2,1,-0.53,-1.0,-1.0,-1.0,-1.0,-1.0,5
333,,"control",,,,1,1,1,1,1,7,1,1,1,1,1,1,1,1,7,,,,,,,,,,,0,0,0,0,0,0,0,0,0,0,1,1,1,,,,1,,1,1,,,1,,1,1,1,,1,,,1,,,,,,,,,1,,1,0,0,0,1,0,1,1,0,0,1,0,1,1,1,0,1,0,0,1,0,0,0,0,0,0,0,0,1,0,,,,,2,,1,,1,"40",5,1,-0.3,0.6,0.69,0.57,0.63,0.56,5
334,2,"realistic",,1,,4,2,2,1,2,4,1,2,1,4,1,2,3,2,4,"35","247",,,,,,,,,1,1,0,0,0,0,0,0,0,0,1,1,1,,1,,1,,,,1,,1,,1,,1,,1,,,,,1,,1,,,,1,,,1,0,1,0,1,0,0,0,1,0,1,0,1,0,1,0,1,0,0,0,0,1,0,1,0,0,0,1,0,0,,,,,,,,,1,"51",3,2,-0.31,-0.29,-0.39,-0.18,-0.27,-0.21,5
335,1,"realistic",1,,,2,2,2,1,2,5,2,2,1,4,1,2,2,2,4,"141",,,,,,,,,,1,0,0,0,0,0,0,0,0,0,1,1,1,1,1,1,1,1,1,1,1,1,1,,,,,,,,,,,,,,,,,,,,1,1,1,1,1,1,1,1,1,1,1,0,0,0,0,0,0,0,0,0,0,0,0,0,0,0,0,0,0,0,,,,,,,,,2,"60",4,1,0.61,-0.46,-0.23,-0.22,-0.2,-0.17,5
336,,"symbolic",,,,7,6,2,1,1,4,1,1,1,4,1,1,1,1,4,,,,,,,,,,,0,0,0,0,0,0,0,0,0,0,1,1,1,1,,,1,,,,,,,1,,1,1,,,,1,,,,1,1,,1,,,,1,1,1,0,0,1,0,0,0,0,0,0,1,0,1,1,0,0,0,1,0,0,0,1,1,0,1,0,0,0,1,1,1,,,,,,,2,"54",4,1,0.56,-0.78,-0.82,-0.75,-0.73,-0.3,5
337,,"control",,,,2,1,3,1,1,6,1,2,1,4,1,2,1,1,6,"172",,,,,,,,,,1,0,0,0,0,0,0,0,0,0,1,1,,,,1,,,,,,,,1,1,,1,1,1,,1,1,1,,,,1,,,1,,,0,0,0,1,0,0,0,0,0,0,0,1,1,0,1,1,1,0,1,1,1,0,0,0,1,0,0,1,0,0,,,,,1,2,,,1,"30",5,1,0.41,0.26,0.67,0.55,0.61,0.32,5
338,,"symbolic",,,,5,5,3,4,5,4,2,4,4,3,1,4,4,4,3,,,,,,,,,,,0,0,0,0,0,0,0,0,0,0,1,1,,,,1,,,,,1,1,,,1,1,,,1,,1,,,,1,1,,,1,1,,,0,0,0,1,0,0,0,0,1,1,0,0,1,1,0,0,1,0,1,0,0,0,1,1,0,0,1,1,0,0,3,,,1,,,,,1,"29",2,2,-1.0,0.0,0.0,0.0,0.0,0.0,5
339,,"symbolic",,,,5,5,3,3,3,3,2,2,2,3,1,3,3,3,2,"225","143",,,,,,,,,1,1,0,0,0,0,0,0,0,0,1,1,,,,,,,,,,,,,,,1,,,,,,1,1,1,1,1,1,1,1,1,1,0,0,0,0,0,0,0,0,0,0,0,0,0,0,1,0,0,0,0,0,1,1,1,1,1,1,1,1,1,1,1,1,,,,,,,2,"33",5,1,0.59,-0.07,-0.09,-0.35,-0.21,-0.53,5
340,,"symbolic",,,,6,7,5,5,5,1,1,5,5,1,1,3,4,5,1,"146","123","134","161","165","167","136","152","126","153",1,1,1,1,1,1,1,1,1,1,1,1,,,,,,1,,,,,,,,,,,,,1,,1,1,1,1,1,1,1,1,1,,0,0,0,0,0,1,0,0,0,0,0,0,0,0,0,0,0,0,1,0,1,1,1,1,1,1,1,1,1,0,1,1,,,,,,,2,"21",3,10,-1.0,-0.69,-0.94,-0.61,-1.0,-0.75,5
341,2,"realistic",,2,,3,2,1,1,1,4,1,1,1,4,1,1,1,1,4,,,,,,,,,,,0,0,0,0,0,0,0,0,0,0,1,1,1,1,1,1,1,1,1,1,1,1,,,,,,,,,,,,,,,,,,,1,,1,1,1,1,1,1,1,1,1,1,0,0,0,0,0,0,0,0,0,0,0,0,0,0,0,0,0,0,1,0,,,,,,,,,1,"35",5,2,-0.22,-0.23,-0.15,-0.21,-0.36,-0.31,5
342,3,"realistic",,,1,4,1,2,1,1,4,1,1,1,3,1,1,1,1,5,,,,,,,,,,,0,0,0,0,0,0,0,0,0,0,1,1,,,,1,,,,,,,1,1,1,,1,,1,1,1,1,,,,,,1,1,,,,0,0,0,1,0,0,0,0,0,0,1,1,1,0,1,0,1,1,1,1,0,0,0,0,0,1,1,0,0,0,,,,,,,,,2,"50",4,4,-1.0,-0.65,-0.8,-0.9,-0.69,-0.77,5
343,,"control",,,,2,2,2,1,1,4,1,1,1,4,1,1,1,1,4,,,,,,,,,,,0,0,0,0,0,0,0,0,0,0,1,1,1,1,1,1,1,,,,,,1,1,1,1,1,,,,,,1,,,,,,,,,,1,1,1,1,1,0,0,0,0,0,1,1,1,1,1,0,0,0,0,0,1,0,0,0,0,0,0,0,0,0,,,,,2,,1,,1,"37",4,1,-1.0,0.0,0.1,0.9,0.5,0.0,5
344,2,"realistic",,2,,1,1,1,1,1,6,1,1,1,4,1,1,1,1,5,,,,,,,,,,,0,0,0,0,0,0,0,0,0,0,1,1,1,1,1,1,1,1,1,1,1,1,,1,,,,,,,,,,,,,,,,,,,1,1,1,1,1,1,1,1,1,1,0,1,0,0,0,0,0,0,0,0,0,0,0,0,0,0,0,0,0,0,,,,,,,,,1,"25",4,4,-1.0,-0.05,-0.23,0.25,0.17,-0.17,5
345,,"symbolic",,,,1,1,6,6,7,1,4,7,6,1,1,6,2,7,1,"177","106",,,,,,,,,1,1,0,0,0,0,0,0,0,0,1,1,,,,,,,,,,,,,,,,,,1,,,1,1,1,1,1,1,1,1,1,1,0,0,0,0,0,0,0,0,0,0,0,0,0,0,0,0,0,1,0,0,1,1,1,1,1,1,1,1,1,1,3,,,1,,,,,2,"35",3,2,-0.55,-1.0,-1.0,-1.0,-1.0,-1.0,5
346,,"control",,,,2,1,1,1,2,6,1,1,1,5,1,1,1,1,4,"190",,,,,,,,,,1,0,0,0,0,0,0,0,0,0,1,1,1,,,1,,1,1,,,1,,1,1,,1,,,1,,,1,,,,,,,,1,,1,0,0,1,0,1,1,0,0,1,0,1,1,0,1,0,0,1,0,0,1,0,0,0,0,0,0,0,1,0,,,,,3,,,1,2,"31",4,1,-1.0,-1.0,-1.0,-1.0,-1.0,-1.0,5
347,1,"realistic",2,,,1,1,1,1,1,4,1,1,1,4,1,1,1,1,5,,,,,,,,,,,0,0,0,0,0,0,0,0,0,0,1,1,1,1,1,1,1,1,1,1,1,1,,,,,,,,,,1,,,,,,,,,,,1,1,1,1,1,1,1,1,1,1,0,0,0,0,0,0,0,0,0,1,0,0,0,0,0,0,0,0,0,0,,,,,,,,,1,"47",4,2,-0.1,-0.12,-0.13,-0.18,-0.12,-0.12,5
348,,"control",,,,2,2,1,1,1,4,1,1,1,4,1,1,1,1,4,,,,,,,,,,,0,0,0,0,0,0,0,0,0,0,1,1,1,,,1,,,,,1,,1,1,,,,,,1,,1,1,,1,1,,,,,1,,1,0,0,1,0,0,0,0,1,0,1,1,0,0,0,0,0,1,0,1,1,0,1,1,0,0,0,0,1,0,,,,,3,,,1,2,"29",5,4,0.67,-0.95,-0.99,-1.0,-0.91,-1.0,5
349,,"control",,,,1,1,1,2,2,6,2,2,1,4,1,2,2,3,5,,,,,,,,,,,0,0,0,0,0,0,0,0,0,0,1,1,1,1,1,1,1,1,1,1,1,1,,,,,,,,,,1,,,,,,,,,,,1,1,1,1,1,1,1,1,1,1,0,0,0,0,0,0,0,0,0,1,0,0,0,0,0,0,0,0,0,0,,,,,2,,2,,2,"27",5,1,-1.0,-0.5,-0.39,-0.68,-0.75,-0.58,5
350,,"symbolic",,,,2,4,2,1,3,2,1,1,4,3,1,1,2,2,3,"169","77","164",,,,,,,,1,1,1,0,0,0,0,0,0,0,1,1,,,,1,,,1,,,1,1,,,1,1,1,,,1,,,,1,,1,,,,1,,0,0,0,1,0,0,1,0,0,1,1,0,0,1,1,1,0,0,1,0,0,0,1,0,1,0,0,0,1,0,2,,2,,,,,,1,"35",5,1,0.5,0.29,0.38,0.25,-0.21,0.53,5
351,3,"realistic",,,2,1,1,1,1,1,4,1,1,1,4,1,1,1,1,4,,,,,,,,,,,0,0,0,0,0,0,0,0,0,0,1,1,1,1,,,,,,,,,1,1,1,1,1,1,1,,,,1,1,,,,,,,,,1,1,0,0,0,0,0,0,0,0,1,1,1,1,1,1,1,0,0,0,1,1,0,0,0,0,0,0,0,0,,,,,,,,,1,"37",2,1,-1.0,0.0,0.0,0.1,0.0,0.1,5
352,2,"realistic",,2,,4,2,1,1,1,4,1,1,1,4,1,1,1,1,4,,,,,,,,,,,0,0,0,0,0,0,0,0,0,0,1,1,1,1,,,,,,,,,1,1,1,1,1,1,,,,,1,1,1,,,,,,,,1,1,0,0,0,0,0,0,0,0,1,1,1,1,1,1,0,0,0,0,1,1,1,0,0,0,0,0,0,0,,,,,,,,,2,"29",4,2,-1.0,-1.0,-1.0,-1.0,-1.0,-1.0,5
353,,"symbolic",,,,7,7,1,4,2,4,1,2,1,4,1,1,1,1,5,,,,,,,,,,,0,0,0,0,0,0,0,0,0,0,1,1,,,,,,,,,,,,,,,,,,,,1,1,1,1,1,1,1,1,1,1,1,0,0,0,0,0,0,0,0,0,0,0,0,0,0,0,0,0,0,0,1,1,1,1,1,1,1,1,1,1,1,1,1,,,,,,,1,"30",4,1,-1.0,-0.45,-0.5,0.25,-0.8,-1.0,5
354,,"symbolic",,,,2,1,2,1,1,3,1,1,1,3,1,1,1,1,3,"130","152","144","140","121","163","114","172",,,1,1,1,1,1,1,1,1,0,0,1,1,,,,1,,,1,,,,1,1,1,,,1,,,,,,1,1,1,,,1,,1,,0,0,0,1,0,0,1,0,0,0,1,1,1,0,0,1,0,0,0,0,0,1,1,1,0,0,1,0,1,0,1,1,,,,,,,2,"34",3,10,-0.7,-0.6,-1.0,0.1,-1.0,-1.0,5
355,3,"realistic",,,1,2,1,2,2,2,4,2,2,2,4,1,2,2,2,5,,,,,,,,,,,0,0,0,0,0,0,0,0,0,0,1,1,1,1,1,1,1,1,1,1,1,1,,1,,,,,,,,,,,,,,,,,,,1,1,1,1,1,1,1,1,1,1,0,1,0,0,0,0,0,0,0,0,0,0,0,0,0,0,0,0,0,0,,,,,,,,,1,"50",5,2,-0.92,-1.0,-1.0,-1.0,-1.0,-0.99,5
356,,"control",,,,2,1,1,1,1,7,1,1,1,5,1,1,1,1,6,,,,,,,,,,,0,0,0,0,0,0,0,0,0,0,1,1,,,,1,,,,,,,1,1,1,1,1,1,1,1,1,1,,,,,,,,,,,0,0,0,1,0,0,0,0,0,0,1,1,1,1,1,1,1,1,1,1,0,0,0,0,0,0,0,0,0,0,,,,,2,,2,,1,"39",3,7,0.2,-0.39,-0.24,-0.63,-0.35,0.1,5
357,3,"realistic",,,1,2,1,1,1,1,7,1,1,1,7,1,1,1,1,7,,,,,,,,,,,0,0,0,0,0,0,0,0,0,0,1,1,,,,1,,,1,,1,1,1,,1,,1,,,1,1,1,,,,,,,1,,,,0,0,0,1,0,0,1,0,1,1,1,0,1,0,1,0,0,1,1,1,0,0,0,0,0,0,1,0,0,0,,,,,,,,,2,"25",5,1,-1.0,-1.0,-1.0,-1.0,-1.0,-1.0,5
358,,"control",,,,1,2,1,2,1,5,1,1,1,5,1,1,1,1,5,,,,,,,,,,,0,0,0,0,0,0,0,0,0,0,1,1,,1,,,1,1,,1,1,,,1,,1,,,,1,,,,,,1,,,1,,1,,0,1,0,0,1,1,0,1,1,0,0,1,0,1,0,0,0,1,0,0,0,0,0,1,0,0,1,0,1,0,,,,,3,,,1,1,"69",4,1,-1.0,-0.2,-0.25,-0.25,-0.25,-0.25,5
359,,"symbolic",,,,7,6,4,4,5,5,4,4,5,5,1,5,4,4,5,,,,,,,,,,,0,0,0,0,0,0,0,0,0,0,1,1,1,1,1,1,1,1,1,1,1,,1,1,,,,,,,,,,,,,,,,,,,1,1,1,1,1,1,1,1,1,0,1,1,0,0,0,0,0,0,0,0,0,0,0,0,0,0,0,0,0,0,1,1,,,,,,,1,"61",5,1,1.0,1.0,1.0,1.0,1.0,1.0,5
360,,"symbolic",,,,6,7,1,3,4,2,1,5,4,2,1,1,3,4,1,,,,,,,,,,,0,0,0,0,0,0,0,0,0,0,1,1,,,,,,,,,,,,,,,,,1,,,,1,1,1,1,1,1,1,1,1,1,0,0,0,0,0,0,0,0,0,0,0,0,0,0,0,0,1,0,0,0,1,1,1,1,1,1,1,1,1,1,3,,,1,,,,,2,"31",3,1,-1.0,-0.87,-1.0,-0.73,-0.84,-1.0,5
361,1,"realistic",2,,,6,5,5,5,5,2,1,4,2,4,1,4,5,2,1,"142","171","114",,,,,,,,1,1,1,0,0,0,0,0,0,0,1,1,,,,,,,,,,,,,,,1,,,,,,1,1,1,1,1,1,1,1,1,1,0,0,0,0,0,0,0,0,0,0,0,0,0,0,1,0,0,0,0,0,1,1,1,1,1,1,1,1,1,1,,,,,,,,,2,"25",5,1,-1.0,-0.45,-1.0,-0.42,-1.0,-0.79,5
362,,"control",,,,3,3,1,1,2,6,1,1,1,5,1,1,1,1,5,,,,,,,,,,,0,0,0,0,0,0,0,0,0,0,1,1,1,1,1,1,1,1,1,1,1,1,,1,,,,,,,,,,,,,,,,,,,1,1,1,1,1,1,1,1,1,1,0,1,0,0,0,0,0,0,0,0,0,0,0,0,0,0,0,0,0,0,,,,,2,,2,,2,"34",4,1,0.55,0.0,-0.34,0.34,-0.14,0.23,5
363,,"symbolic",,,,3,2,2,2,3,4,1,2,4,4,1,2,3,2,5,"106",,,,,,,,,,1,0,0,0,0,0,0,0,0,0,1,1,1,1,1,1,1,1,1,1,1,1,1,,,,,,,,,,,,,,,,,,,,1,1,1,1,1,1,1,1,1,1,1,0,0,0,0,0,0,0,0,0,0,0,0,0,0,0,0,0,0,0,2,,1,,,,,,1,"26",3,4,-1.0,-0.93,-0.92,-0.95,-0.93,-0.93,5
364,1,"realistic",2,,,1,1,1,1,1,4,1,1,1,4,1,1,1,1,5,"147","196","82","144",,,,,,,1,1,1,1,0,0,0,0,0,0,1,1,,,,,,,,,,1,,,1,,,1,,,,1,1,1,,1,1,,1,1,1,,0,0,0,0,0,0,0,0,0,1,0,0,1,0,0,1,0,0,0,1,1,1,0,1,1,0,1,1,1,0,,,,,,,,,1,"67",5,7,0.11,-0.83,-0.83,-0.92,-0.83,-0.88,5
365,,"control",,,,3,4,1,1,1,5,1,1,1,4,1,1,1,1,5,"150",,,,,,,,,,1,0,0,0,0,0,0,0,0,0,1,1,,,,,,1,,,,,,,,1,,,,1,1,,1,1,1,1,,1,1,,1,,0,0,0,0,0,1,0,0,0,0,0,0,0,1,0,0,0,1,1,0,1,1,1,1,0,1,1,0,1,0,,,,,2,,1,,1,"37",4,2,0.69,0.69,-0.29,-0.7,0.5,-1.0,5
366,,"symbolic",,,,7,7,1,1,3,3,1,1,3,3,1,1,1,1,3,"53","82","201","140","139","159","143","170","115","230",1,1,1,1,1,1,1,1,1,1,1,1,1,1,1,1,1,1,1,1,1,1,1,,,,,,,,,,,,,,,,,,,,1,1,1,1,1,1,1,1,1,1,1,0,0,0,0,0,0,0,0,0,0,0,0,0,0,0,0,0,0,0,2,,1,,,,,,1,"42",2,2,-1.0,0.3,0.26,0.25,0.25,0.62,5
367,,"symbolic",,,,5,6,2,4,5,3,1,5,5,2,1,2,2,3,3,"139","125","150","131","127",,,,,,1,1,1,1,1,0,0,0,0,0,1,1,,,,,,,,,,,,,,,,1,,,,,1,1,1,1,1,1,1,1,1,1,0,0,0,0,0,0,0,0,0,0,0,0,0,0,0,1,0,0,0,0,1,1,1,1,1,1,1,1,1,1,2,,1,,,,,,1,"31",5,1,-0.58,-0.03,-0.06,0.2,-0.25,0.05,5
368,,"control",,,,3,3,2,2,2,4,2,2,2,4,1,2,2,2,4,"265",,,,,,,,,,1,0,0,0,0,0,0,0,0,0,1,1,,1,1,,,1,,,,,,,1,1,,1,,1,,,,1,,,1,,1,1,,,0,1,1,0,0,1,0,0,0,0,0,0,1,1,0,1,0,1,0,0,0,1,0,0,1,0,1,1,0,0,,,,,1,1,,,1,"42",4,4,-1.0,-1.0,-1.0,-1.0,-1.0,-1.0,5
369,,"control",,,,1,1,1,1,3,5,1,1,1,5,1,1,2,1,5,,,,,,,,,,,0,0,0,0,0,0,0,0,0,0,1,1,1,,1,,1,1,1,1,1,1,1,1,,,,,,1,,,,,,,,,,,,,1,0,1,0,1,1,1,1,1,1,1,1,0,0,0,0,0,1,0,0,0,0,0,0,0,0,0,0,0,0,,,,,2,,1,,1,"44",4,1,-1.0,-0.81,-0.3,-0.05,-0.84,-0.5,5
370,,"symbolic",,,,1,1,7,2,2,4,1,2,2,4,1,1,1,1,2,,,,,,,,,,,0,0,0,0,0,0,0,0,0,0,1,1,1,1,1,1,1,1,1,1,1,,1,,,,,,,,,,1,,,,,,,,,,1,1,1,1,1,1,1,1,1,0,1,0,0,0,0,0,0,0,0,0,1,0,0,0,0,0,0,0,0,0,1,1,,,,,,,1,"58",4,1,-1.0,-1.0,-1.0,-1.0,-1.0,-1.0,5
371,,"control",,,,1,1,1,1,2,4,1,1,2,4,1,1,2,1,4,,,,,,,,,,,0,0,0,0,0,0,0,0,0,0,1,1,1,1,1,1,1,1,1,1,1,1,,,,,,,,,1,,,,,,,,,,,,1,1,1,1,1,1,1,1,1,1,0,0,0,0,0,0,0,0,1,0,0,0,0,0,0,0,0,0,0,0,,,,,2,,2,,1,"32",3,1,0.71,0.71,0.77,0.78,0.8,0.59,5
372,,"symbolic",,,,7,7,2,4,4,4,1,2,1,3,1,1,2,3,2,,,,,,,,,,,0,0,0,0,0,0,0,0,0,0,1,1,,,,,,,,,,,,,,,,,,,,1,1,1,1,1,1,1,1,1,1,1,0,0,0,0,0,0,0,0,0,0,0,0,0,0,0,0,0,0,0,1,1,1,1,1,1,1,1,1,1,1,3,,,1,,,,,2,"28",4,4,-1.0,-0.79,-0.94,-0.53,-1.0,-0.88,5
373,,"control",,,,1,1,1,1,1,6,1,1,1,4,1,1,1,1,6,,,,,,,,,,,0,0,0,0,0,0,0,0,0,0,1,1,,,,,,,,,,,1,1,1,1,1,1,1,1,1,1,,,,,,,,,,1,0,0,0,0,0,0,0,0,0,0,1,1,1,1,1,1,1,1,1,1,0,0,0,0,0,0,0,0,0,1,,,,,2,,2,,1,"25",4,1,-1.0,-1.0,-1.0,-1.0,-1.0,-1.0,5
374,3,"realistic",,,1,5,2,2,2,1,4,2,2,2,4,1,4,2,1,5,,,,,,,,,,,0,0,0,0,0,0,0,0,0,0,1,1,1,1,1,1,1,1,1,1,1,,1,1,,,,,,,,,,,,,,,,,,,1,1,1,1,1,1,1,1,1,0,1,1,0,0,0,0,0,0,0,0,0,0,0,0,0,0,0,0,0,0,,,,,,,,,1,"20",4,10,-1.0,-0.52,-0.81,-0.31,-0.94,-1.0,5
375,3,"realistic",,,1,1,1,1,1,1,7,1,1,1,6,1,1,1,1,7,,,,,,,,,,,0,0,0,0,0,0,0,0,0,0,1,1,,,1,1,,,,,1,1,1,,,,1,,,1,1,,1,,,,1,,,,1,,0,0,1,1,0,0,0,0,1,1,1,0,0,0,1,0,0,1,1,0,1,0,0,0,1,0,0,0,1,0,,,,,,,,,2,"68",3,2,-1.0,1.0,0.7,1.0,1.0,0.4,5
376,,"control",,,,2,1,6,1,1,4,1,1,1,4,1,1,1,1,4,,,,,,,,,,,0,0,0,0,0,0,0,0,0,0,1,1,1,1,1,1,1,1,1,1,1,1,,1,,,,,,,,,,,,,,,,,,,1,1,1,1,1,1,1,1,1,1,0,1,0,0,0,0,0,0,0,0,0,0,0,0,0,0,0,0,0,0,,,,,2,,2,,1,"30",4,1,-1.0,-0.35,-0.25,-0.23,-0.26,-0.34,5
377,,"control",,,,3,3,1,2,2,4,1,1,1,5,1,1,2,1,5,,,,,,,,,,,0,0,0,0,0,0,0,0,0,0,1,1,1,,1,,,1,,1,,,,,1,1,,1,,1,,,1,,,1,,,,1,,,1,0,1,0,0,1,0,1,0,0,0,0,1,1,0,1,0,1,0,0,1,0,0,1,0,0,0,1,0,0,,,,,3,,,1,2,"48",4,2,0.35,-0.62,-0.51,-0.31,-0.32,-0.55,5
378,3,"realistic",,,1,2,2,2,2,2,4,1,2,2,4,1,1,2,2,4,,,,,,,,,,,0,0,0,0,0,0,0,0,0,0,1,1,,,,1,,,1,,1,,,1,,1,,,1,,1,1,,,,,1,,,,1,1,0,0,0,1,0,0,1,0,1,0,0,1,0,1,0,0,1,0,1,1,0,0,0,0,1,0,0,0,1,1,,,,,,,,,2,"26",3,4,1.0,1.0,1.0,1.0,1.0,1.0,5
379,2,"realistic",,1,,2,2,2,1,2,5,2,2,1,4,1,2,2,2,5,,,,,,,,,,,0,0,0,0,0,0,0,0,0,0,1,1,,,1,,1,,,1,,,,1,,1,,1,,,1,1,1,,1,,,,1,,,,0,0,1,0,1,0,0,1,0,0,0,1,0,1,0,1,0,0,1,1,1,0,1,0,0,0,1,0,0,0,,,,,,,,,1,"29",3,2,0.39,0.49,-0.47,0.62,0.42,-0.65,5
380,,"symbolic",,,,4,7,1,2,3,4,1,4,4,3,1,1,4,2,2,,,,,,,,,,,0,0,0,0,0,0,0,0,0,0,1,1,,,,1,,,,,,,1,1,1,,1,1,,,,,1,1,,,1,,1,,1,,0,0,0,1,0,0,0,0,0,0,1,1,1,0,1,1,0,0,0,0,1,1,0,0,1,0,1,0,1,0,3,,,1,,,,,2,"34",3,2,0.88,-1.0,-0.95,-0.88,-0.8,-0.72,5
381,,"symbolic",,,,6,6,2,2,2,2,2,2,2,2,1,1,1,1,4,"274",,,,,,,,,,1,0,0,0,0,0,0,0,0,0,1,1,,,,,1,,,,,,1,1,1,1,,1,1,,,1,,,,,,,,1,1,1,0,0,0,0,1,0,0,0,0,0,1,1,1,1,0,1,1,0,0,1,0,0,0,0,0,0,0,1,1,1,1,2,,,,,,,1,"33",4,11,0.55,-0.65,-0.71,-0.69,-0.69,-0.56,5
382,,"control",,,,2,1,2,1,2,4,1,2,2,4,1,1,1,1,4,,,,,,,,,,,0,0,0,0,0,0,0,0,0,0,1,1,1,1,1,1,1,1,1,1,1,1,,,,,,,,1,,,,,,,,,,,,,1,1,1,1,1,1,1,1,1,1,0,0,0,0,0,0,0,1,0,0,0,0,0,0,0,0,0,0,0,0,,,,,2,,1,,1,"37",3,1,-1.0,0.75,0.72,0.89,-0.12,0.47,5
383,,"symbolic",,,,5,2,2,2,2,4,2,2,2,4,1,2,2,2,6,,,,,,,,,,,0,0,0,0,0,0,0,0,0,0,1,1,1,1,1,1,1,1,1,1,1,1,1,,,,,,,,,,,,,,,,,,,,1,1,1,1,1,1,1,1,1,1,1,0,0,0,0,0,0,0,0,0,0,0,0,0,0,0,0,0,0,0,1,1,,,,,,,1,"22",5,4,-1.0,-0.3,-0.26,0.05,-0.19,-0.2,5
384,,"symbolic",,,,1,1,1,2,2,5,1,1,3,4,1,4,4,3,4,,,,,,,,,,,0,0,0,0,0,0,0,0,0,0,1,1,,,,,,,,,,,,,1,,,1,1,,,,1,1,1,1,1,,1,1,1,,0,0,0,0,0,0,0,0,0,0,0,0,1,0,0,1,1,0,0,0,1,1,1,1,1,0,1,1,1,0,1,2,,,,,,,1,"35",5,1,0.67,0.0,-0.52,0.55,0.46,-0.8,5
385,3,"realistic",,,1,1,1,1,1,1,1,1,1,1,4,1,1,1,1,5,,,,,,,,,,,0,0,0,0,0,0,0,0,0,0,1,1,,,,,,,,,,,,,1,,,1,1,,1,,1,1,1,,,1,1,1,1,,0,0,0,0,0,0,0,0,0,0,0,0,1,0,0,1,1,0,1,0,1,1,1,0,0,1,1,1,1,0,,,,,,,,,2,"40",2,1,0.83,1.0,1.0,1.0,1.0,1.0,5
386,2,"realistic",,2,,3,1,1,1,1,6,1,1,1,4,1,1,1,1,4,,,,,,,,,,,0,0,0,0,0,0,0,0,0,0,1,1,1,,,,,1,1,1,,,1,,1,,,,1,,,,,,,1,,1,1,,1,,1,0,0,0,0,1,1,1,0,0,1,0,1,0,0,0,1,0,0,0,0,0,0,1,0,1,1,0,1,0,,,,,,,,,2,"30",3,4,-0.75,-0.55,-0.45,-0.5,-0.5,-0.35,5
387,,"control",,,,2,3,2,2,1,5,1,1,1,4,1,1,1,1,5,,,,,,,,,,,0,0,0,0,0,0,0,0,0,0,1,1,1,1,1,,1,1,,,1,1,1,1,,1,,,,1,,,,,,,,,,,,,1,1,1,0,1,1,0,0,1,1,1,1,0,1,0,0,0,1,0,0,0,0,0,0,0,0,0,0,0,0,,,,,2,,1,,2,"39",5,11,0.37,-0.58,-0.59,-0.71,-0.93,-0.7,5
388,,"symbolic",,,,2,5,3,2,2,3,2,2,2,4,1,3,2,2,4,,,,,,,,,,,0,0,0,0,0,0,0,0,0,0,1,1,,,,,,,,,,,,,,,,,,,,1,1,1,1,1,1,1,1,1,1,1,0,0,0,0,0,0,0,0,0,0,0,0,0,0,0,0,0,0,0,1,1,1,1,1,1,1,1,1,1,1,1,1,,,,,,,2,"29",4,2,-0.6,-0.6,-0.7,-0.45,-0.25,0.0,5
389,,"symbolic",,,,5,7,5,6,4,3,2,7,5,3,7,2,3,3,2,"166","152","148","166","167","132","135","154","131","116",1,1,1,1,1,1,1,1,1,1,1,1,,,1,,,,,,,,,1,1,,,,1,,,,1,1,1,1,1,1,,,1,,0,0,1,0,0,0,0,0,0,0,0,1,1,0,0,0,1,0,0,0,1,1,1,1,1,1,0,0,1,0,1,1,,,,,,,2,"21",4,10,-0.53,-0.57,-0.78,-0.44,-1.0,-0.55,5
390,,"control",,,,2,2,1,1,1,5,1,1,1,4,1,1,4,1,4,,,,,,,,,,,0,0,0,0,0,0,0,0,0,0,1,1,1,1,1,1,1,1,1,1,1,1,,1,,,,,,,,,,,,,,,,,,,1,1,1,1,1,1,1,1,1,1,0,1,0,0,0,0,0,0,0,0,0,0,0,0,0,0,0,0,0,0,,,,,1,2,,,2,"29",4,7,0.86,-0.42,-0.6,-0.37,-0.45,-0.51,5
391,,"symbolic",,,,3,7,5,5,4,2,3,5,5,1,1,5,4,5,4,"192",,,,,,,,,,1,0,0,0,0,0,0,0,0,0,1,2,,,,,,,,,,,,,,,,1,,,,,1,1,1,1,1,1,1,1,1,1,0,0,0,0,0,0,0,0,0,0,0,0,0,0,0,1,0,0,0,0,1,1,1,1,1,1,1,1,1,1,3,,,1,,,,,1,"25",4,10,-0.73,-0.78,-0.72,-0.55,-0.62,-0.72,5
392,2,"realistic",,1,,6,3,1,1,1,3,1,1,1,3,1,1,1,1,3,,,,,,,,,,,0,0,0,0,0,0,0,0,0,0,1,1,,,,,,,,,,,1,,,,,,,,,,1,1,1,1,1,1,1,1,1,1,0,0,0,0,0,0,0,0,0,0,1,0,0,0,0,0,0,0,0,0,1,1,1,1,1,1,1,1,1,1,,,,,,,,,1,"30",4,1,-1.0,0.0,0.0,0.46,-0.47,0.0,5
393,,"control",,,,1,1,2,2,2,5,1,1,1,4,1,1,1,1,4,"131","156","143","111","168","143","141","143",,,1,1,1,1,1,1,1,1,0,0,1,1,,,,,,,,,,,,,,,,,,,1,,1,1,1,1,1,1,1,1,1,1,0,0,0,0,0,0,0,0,0,0,0,0,0,0,0,0,0,0,1,0,1,1,1,1,1,1,1,1,1,1,,,,,3,,,1,2,"33",5,11,-0.48,-1.0,-1.0,-1.0,-1.0,-1.0,5
394,1,"realistic",1,,,2,3,2,1,2,4,1,1,1,5,1,2,2,2,6,"160","142","115","216","70","149","108","173","114","168",1,1,1,1,1,1,1,1,1,1,1,1,,1,1,,,,,1,1,1,,,,,1,1,,,,1,1,,,1,,,1,,,,0,1,1,0,0,0,0,1,1,1,0,0,0,0,1,1,0,0,0,1,1,0,0,1,0,0,1,0,0,0,,,,,,,,,1,"24",4,1,0.53,-0.35,0.0,0.59,0.51,0.75,5
395,,"control",,,,1,1,1,1,1,1,1,1,1,2,1,1,2,2,7,"211","176",,,,,,,,,1,1,0,0,0,0,0,0,0,0,1,1,1,1,1,,1,1,1,1,,,,,,,1,1,1,1,,,,,,,,,,,,,1,1,1,0,1,1,1,1,0,0,0,0,0,0,1,1,1,1,0,0,0,0,0,0,0,0,0,0,0,0,,,,,3,,,2,1,"24",4,1,1.0,1.0,1.0,1.0,1.0,-1.0,5
